,Unnamed: 0_x,name,혼자,액티비티,자연,힐링,Unnamed: 0_y,addr1,cat1,cat2,cat3,힐링_int,혼자_int,자연_int,액티비티_int,province,city
0,0,2018 평창동계올림픽대회 및 동계패럴림픽대회 기념관,0.5945244133472443,0.7130826354026795,0.682092821598053,0.6065935969352723,0,강원특별자치도 평창군 대관령면 올림픽로 220,A02,A0206,A02060200,0,0,0,0,강원특별자치도,평창군
1,1,518기념문화센터,0.6123591065406799,0.6384522318840027,0.7370211482048035,0.8674169182777405,1,광주광역시 서구 내방로 152 (쌍촌동),A02,A0206,A02060300,0,0,0,0,광주광역시,서구
2,2,BNK부산은행조은극장,0.476263079047203,0.5728472828865051,0.5709079831838608,0.5874520540237427,2,부산광역시 중구 구덕로34번길 4 (남포동2가),A02,A0206,A02060600,0,0,0,0,부산광역시,중구
3,3,CECO 창원컨벤션센터,0.4653737246990204,0.5763841062784195,0.5510268270969391,0.5525479346513749,3,경상남도 창원시 의창구 원이대로 362,A02,A0206,A02060400,0,0,0,0,경상남도,창원시
4,4,CGV 센텀시티,0.5191580921411514,0.6801217913627624,0.6133218467235565,0.5905966639518738,4,부산광역시 해운대구 우동 1495 신세계백화점센텀시티점,A02,A0206,A02061200,0,0,0,1,부산광역시,해운대구
5,5,CICA 미술관,0.4937567323446273,0.6132768094539642,0.6092869460582733,0.5925903558731079,5,경기도 김포시 양촌읍 삼도로 196-30,A02,A0206,A02060500,1,0,0,1,경기도,김포시
6,6,CJ아지트광흥창,0.0,0.0,0.0,0.0,6,서울특별시 마포구 창전로 14 (신정동),A02,A0206,A02060600,0,0,0,0,서울특별시,마포구
7,7,CXC아트뮤지엄,0.5690247774124145,0.7124126553535461,0.6785294115543365,0.6293953835964203,7,서울특별시 광진구 자양동,A02,A0206,A02060300,0,0,0,0,서울특별시,광진구
8,8,GS칼텍스 예울마루,0.4408439606428146,0.5177085191011429,0.5070955127477645,0.4932664275169373,8,전라남도 여수시 예울마루로 100,A02,A0206,A02060300,0,0,0,1,전라남도,여수시
9,9,HAPPY700 평창시네마,0.564065682888031,0.6792275607585907,0.7078317642211914,0.7160894930362701,9,강원특별자치도 평창군 용평면 경강로 1689,A02,A0206,A02061200,0,0,1,1,강원특별자치도,평창군
10,10,KT&G상상마당 대치아트홀,0.5800421088933945,0.6843841969966888,0.684564620256424,0.6988465338945389,10,서울특별시 강남구 영동대로 416 (대치동),A02,A0206,A02060600,0,0,0,0,서울특별시,강남구
11,11,MEG아트홀,0.5750615000724792,0.6933320939540863,0.6615294933319091,0.6302559971809387,11,경기도 오산시 내삼미로 93,A02,A0206,A02060600,0,0,0,1,경기도,오산시
12,12,SJ쿤스트할레,0.4610603630542755,0.5455370455980301,0.5454141020774841,0.5565802663564682,12,서울특별시 강남구 언주로148길 5,A02,A0206,A02060300,0,0,0,0,서울특별시,강남구
13,13,SeMA 벙커,0.3310253620147705,0.3996716241041819,0.4036309123039245,0.4989178876082102,13,서울특별시 영등포구 여의도동,A02,A0206,A02060500,0,0,0,0,서울특별시,영등포구
14,14,가원미술관,0.4860349982976913,0.5754262566566467,0.5907028496265412,0.6417358756065369,14,경기도 과천시 새빛로 24,A02,A0206,A02060500,0,0,0,0,경기도,과천시
15,15,가일미술관,0.41973720325364,0.5151987804306878,0.5163379708925883,0.5630248884359995,15,경기도 가평군 청평면 북한강로 1549,A02,A0206,A02060500,0,0,1,1,경기도,가평군
16,16,가회민화박물관,0.5787185341119766,0.6831380188465118,0.6764196634292603,0.6492822229862213,16,서울특별시 종로구 북촌로 52,A02,A0206,A02060100,0,0,0,0,서울특별시,종로구
17,17,강릉시립미술관,0.4250231921672821,0.479030567407608,0.5068699896335602,0.5680625677108765,17,강원특별자치도 강릉시 화부산로40번길 46,A02,A0206,A02060500,0,0,0,0,강원특별자치도,강릉시
18,18,강릉자동차극장,0.5565922170877456,0.6646662712097168,0.6906373381614686,0.7130049079656601,18,강원특별자치도 강릉시 구정면 칠성로 13-8,A02,A0206,A02061200,0,0,0,1,강원특별자치도,강릉시
19,19,강변저류지 홍보관,0.6048884987831116,0.7358840703964233,0.7607088685035706,0.8573505282402039,19,강원특별자치도 영월군 영월읍 청령포로 133,A02,A0206,A02060300,0,0,0,0,강원특별자치도,영월군
20,20,강원종합박물관,0.6072531521320343,0.7208158910274506,0.6992849290370942,0.6235428154468536,20,강원특별자치도 삼척시 신기면 강원남부로 3016,A02,A0206,A02060100,0,0,0,0,강원특별자치도,삼척시
21,21,객주문학관,0.5150858759880066,0.6174837350845337,0.6195467710494995,0.5930002927780151,21,경상북도 청송군 진보면 청송로 6359,A02,A0206,A02060300,0,0,0,0,경상북도,청송군
22,22,갤러리 구루지,0.2816136479377746,0.3599587678909302,0.3330674916505813,0.4189202710986137,22,서울특별시 구로구 가마산로25길 21,A02,A0206,A02060500,0,0,0,0,서울특별시,구로구
23,23,갤러리 더 화,0.597581128279368,0.6819520592689514,0.6798063119252523,0.6186388731002808,23,경기도 이천시 신둔면 도자예술로99번길 41,A02,A0206,A02060500,0,0,0,0,경기도,이천시
24,24,갤러리 마노,0.6123591065406799,0.6384522318840027,0.7370211482048035,0.8674169182777405,24,서울특별시 강남구 압구정로46길 71,A02,A0206,A02060500,0,0,0,0,서울특별시,강남구
25,25,갤러리도스,0.5011729627847672,0.6105375409126281,0.6063923537731171,0.6073297291994095,25,서울특별시 종로구 삼청로7길 37 (팔판동),A02,A0206,A02060500,0,0,0,0,서울특별시,종로구
26,26,거가대교 홍보전시관,0.4385709673166275,0.519151896238327,0.5518242716789246,0.5861276507377624,26,부산광역시 강서구 거가대로 2571,A02,A0206,A02060300,0,0,0,0,부산광역시,강서구
27,27,거창월성우주창의과학관,0.5251629739999771,0.641065365076065,0.6319189369678497,0.5869678914546966,27,경상남도 거창군 덕유월성로 1312-96 거창군월성청소년수련원,A02,A0206,A02060300,0,0,0,0,경상남도,거창군
28,28,건강과 성 박물관(제주),0.5706743478775025,0.7101635217666626,0.6670226395130158,0.6167941987514496,28,제주특별자치도 서귀포시 안덕면 일주서로 1611,A02,A0206,A02060100,0,0,1,0,제주특별자치도,서귀포시
29,29,경기대학교소성박물관,0.4879006445407867,0.5674965381622314,0.568276713291804,0.5991214066743851,29,경기도 수원시 영통구 광교산로 154-42,A02,A0206,A02060100,0,0,0,0,경기도,수원시
30,30,경산시립박물관,0.368521124124527,0.4435664543083736,0.4368133800370352,0.4927168488502502,30,경상북도 경산시 박물관로 46,A02,A0206,A02060100,0,0,0,0,경상북도,경산시
31,31,경인미술관,0.3473756313323974,0.4531540632247924,0.4299982905387878,0.5016304016113281,31,서울특별시 종로구 인사동10길 11-4,A02,A0206,A02060500,0,0,0,0,서울특별시,종로구
32,32,경주문화관 1918,0.5265169640382131,0.5907299915949503,0.5967557628949484,0.571077307065328,32,경상북도 경주시 원화로 266 경주역,A02,A0206,A02060300,0,0,0,0,경상북도,경주시
33,33,경주솔거미술관(솔거미술관),0.4921950101852417,0.5697057247161865,0.5976044237613678,0.6457072049379349,33,경상북도 경주시 경감로 614,A02,A0206,A02060500,0,0,0,1,경상북도,경주시
34,34,고남패총박물관,0.48155457675457,0.592979907989502,0.6024940252304077,0.6082457154989243,34,충청남도 태안군 고남면 안면대로 4270-6,A02,A0206,A02060100,0,0,0,0,충청남도,태안군
35,35,고성 DMZ박물관,0.5485029280185699,0.6983810544013977,0.6752997696399688,0.6116177439689636,35,강원특별자치도 고성군 현내면 통일전망대로 369,A02,A0206,A02060100,0,0,0,0,강원특별자치도,고성군
36,36,고암이응노생가기념관,0.4878351151943206,0.5406385660171509,0.5689008057117462,0.5599257111549377,36,충청남도 홍성군 홍북면 이응노로 61-7,A02,A0206,A02060200,1,0,0,0,충청남도,홍성군
37,37,고양 선인장전시관,0.5498997271060944,0.6088956072926521,0.6508086621761322,0.675159890204668,37,경기도 고양시 일산동구 호수로 731,A02,A0206,A02060300,0,0,0,0,경기도,고양시
38,38,고양시립 주엽어린이도서관,0.671048492193222,0.7401973903179169,0.780229389667511,0.6432211399078369,38,경기도 고양시 일산서구 주엽로 104,A02,A0206,A02060900,0,0,0,0,경기도,고양시
39,39,고양아람누리 아람미술관,0.4678713411092758,0.5286615431308747,0.5430942624807358,0.6034909427165985,39,경기도 고양시 일산동구 중앙로 1286 고양아람누리,A02,A0206,A02060500,0,0,0,0,경기도,고양시
40,40,고창고인돌박물관,0.5716426849365235,0.709598982334137,0.6836567223072052,0.6109284162521362,40,전북특별자치도 고창군 고창읍 고인돌공원길 74,A02,A0206,A02060100,1,0,0,0,전북특별자치도,고창군
41,41,고창문화의전당,0.605949471394221,0.657638430595398,0.7134376565615336,0.7892364859580994,41,전북특별자치도 고창군 고창읍 모양성로 11,A02,A0206,A02060600,0,0,0,0,전북특별자치도,고창군
42,42,고판화박물관,0.5672270506620407,0.6888108968734741,0.6713664829730988,0.6090276867151261,42,강원특별자치도 원주시 신림면 물안길 62,A02,A0206,A02060100,1,0,0,0,강원특별자치도,원주시
43,43,고흐의정원,0.5708237290382385,0.6888529837131501,0.6585149586200714,0.5862872362136841,43,제주특별자치도 서귀포시 삼달신풍로 126-5,A02,A0206,A02060300,0,0,0,1,제주특별자치도,서귀포시
44,44,곡성레저문화센터,0.5694603621959686,0.5922065377235413,0.6696342527866364,0.8118805587291718,44,전라남도 곡성군 곡성읍 곡성로 855,A02,A0206,A02060600,0,0,0,0,전라남도,곡성군
45,45,공전자연학교,0.4581120945513248,0.525305487215519,0.494977742433548,0.4974940307438373,45,충청북도 제천시 봉양읍 의암로 345,A02,A0206,A02061400,1,0,0,0,충청북도,제천시
46,46,공주민속극박물관,0.4210507273674011,0.3823840022087097,0.4061354398727417,0.4475248157978058,46,충청남도 공주시 의당면 돌모루1길 40,A02,A0206,A02060100,0,0,0,0,충청남도,공주시
47,47,광림 아트센터 BBCH홀,0.3908913999795914,0.4538191795349121,0.4567730605602264,0.4604800283908844,47,서울특별시 강남구 논현로163길 33 (신사동),A02,A0206,A02060600,0,0,0,1,서울특별시,강남구
48,48,광림아트센터 장천홀,0.5210724472999573,0.5778897881507874,0.5909731984138489,0.6242776155471802,48,서울특별시 강남구 압구정로22길 21 (신사동),A02,A0206,A02060600,0,0,0,0,서울특별시,강남구
49,49,광명에디슨뮤지엄,0.5626720309257507,0.712854939699173,0.6851564347743988,0.6452178657054901,49,경기도 광명시 일직로12번길 24,A02,A0206,A02060100,0,0,0,0,경기도,광명시
50,50,광안리관광안내소,0.5563546419143677,0.7014654278755188,0.6757583618164062,0.6037219166755676,50,부산광역시 수영구 광안동,A02,A0206,A02060300,1,0,1,1,부산광역시,수영구
51,51,광야아트센터,0.4435398697853088,0.4854736745357513,0.4796805679798126,0.5354288071393967,51,서울특별시 강남구 선릉로 806 (청담동),A02,A0206,A02060600,0,0,0,0,서울특별시,강남구
52,52,광주광역시립산수도서관,0.4982942342758178,0.5679152011871338,0.5316135883331299,0.5539473295211792,52,광주광역시 동구 경양로 355,A02,A0206,A02060900,0,0,0,0,광주광역시,동구
53,53,광주시문화재단 남한산성아트홀,0.5492253035306931,0.5931900143623352,0.609885036945343,0.6200157463550567,53,경기도 광주시 회안대로 891,A02,A0206,A02060600,0,0,1,0,경기도,광주시
54,54,괴산한지체험박물관,0.5362250208854675,0.7111628353595734,0.6557762920856476,0.5919371247291565,54,충청북도 괴산군 연풍면 원풍로 233,A02,A0206,A02060100,0,0,1,0,충청북도,괴산군
55,55,구름아래소극장,0.5037899357931954,0.5722196698188782,0.5561735204287938,0.6006294999803815,55,서울특별시 마포구 와우산로29가길 15 (서교동),A02,A0206,A02060600,0,0,1,0,서울특별시,마포구
56,56,구립구산동도서관마을,0.5588055849075317,0.6420533061027527,0.6734378337860107,0.6342064142227173,56,서울특별시 은평구 연서로13길 29-23 (구산동),A02,A0206,A02060900,0,0,0,0,서울특별시,은평구
57,57,구미성리학역사관,0.6130567491054535,0.5832061171531677,0.6217087805271149,0.6591278910636902,57,경상북도 구미시 금오산로 336-13,A02,A0206,A02060100,0,0,0,0,경상북도,구미시
58,58,구삼뮤지엄,0.547433614730835,0.6581185758113861,0.6521336197853088,0.6388408184051514,58,경기도 파주시 탄현면 헤이리마을길 59-58,A02,A0206,A02060500,0,0,0,1,경기도,파주시
59,59,구하우스미술관,0.5854924619197845,0.7049890518188476,0.6668687462806702,0.5937177419662476,59,경기도 양평군 서종면 무내미길 49-12,A02,A0206,A02060500,1,0,0,0,경기도,양평군
60,60,국립6.25전쟁납북자기념관,0.6123591065406799,0.6384522318840027,0.7370211482048035,0.8674169182777405,60,경기도 파주시 임진각로 153 국립6.25전쟁납북자기념관,A02,A0206,A02060200,0,0,0,0,경기도,파주시
61,61,국립경주박물관 신라천년서고,0.6047285795211792,0.6740883390108744,0.7001360058784485,0.6451707482337952,61,경상북도 경주시 인왕동,A02,A0206,A02060900,0,0,0,0,경상북도,경주시
62,62,국립극단 백성희장민호극장,0.3705784201622009,0.4565157651901245,0.4783984780311584,0.5750815272331238,62,서울특별시 용산구 청파로 373 (서계동),A02,A0206,A02060600,0,0,0,0,서울특별시,용산구
63,63,국립대구기상과학관,0.5845959722995758,0.7046962320804596,0.6914527237415313,0.6349443852901459,63,대구광역시 동구 효동로2길 10,A02,A0206,A02060300,0,0,1,0,대구광역시,동구
64,64,국립대한민국임시정부기념관,0.5215347796678543,0.6140310496091843,0.6459071844816208,0.6356364041566849,64,서울특별시 서대문구 통일로 279-24,A02,A0206,A02060200,0,0,0,0,서울특별시,서대문구
65,65,국립밀양기상과학관,0.5917547464370727,0.7212979555130005,0.6891768634319305,0.6267313539981842,65,경상남도 밀양시 밀양대공원로 84,A02,A0206,A02060300,0,0,0,0,경상남도,밀양시
66,66,국립세계문자박물관,0.5748365044593811,0.6844613492488861,0.6682285070419312,0.587044358253479,66,인천광역시 연수구 센트럴로 217 (송도동),A02,A0206,A02060100,0,0,0,0,인천광역시,연수구
67,67,국립일제강제동원역사관,0.5687461197376251,0.6926640212535858,0.6461711287498474,0.5710148274898529,67,부산광역시 남구 홍곡로320번길 100,A02,A0206,A02060300,0,0,0,0,부산광역시,남구
68,68,국립전북기상과학관,0.5410452455282211,0.6717947661876679,0.6529254019260406,0.5785703241825104,68,전북특별자치도 정읍시 서부산업도로 168-43,A02,A0206,A02060300,0,0,1,0,전북특별자치도,정읍시
69,69,국립조선왕조실록박물관,0.639194130897522,0.6570757627487183,0.6638678908348083,0.6389891505241394,69,강원특별자치도 평창군 진부면 오대산로 176,A02,A0206,A02060100,0,0,0,0,강원특별자치도,평창군
70,70,국립중앙박물관 어린이박물관,0.5914511799812316,0.7240107297897339,0.7133599698543549,0.6599820733070374,70,서울특별시 용산구 서빙고로 137,A02,A0206,A02060100,0,0,0,0,서울특별시,용산구
71,71,국립충주기상과학관,0.5447504609823227,0.6804810047149659,0.6654033780097961,0.6265488773584366,71,충청북도 충주시 번영대로 270-10,A02,A0206,A02060300,0,0,0,0,충청북도,충주시
72,72,국자와 주걱,0.5150909125804901,0.6614826023578644,0.6419061243534088,0.593556535243988,72,인천광역시 강화군 양도면 강화남로428번길 46-27,A02,A0206,A02061000,1,0,1,1,인천광역시,강화군
73,73,국제현대미술관,0.5793606042861938,0.7329326868057251,0.671333372592926,0.5437598824501038,73,강원특별자치도 영월군 영월읍 삼옥길 31,A02,A0206,A02060500,0,0,0,0,강원특별자치도,영월군
74,74,군립 청송야송미술관,0.4631599336862564,0.5885042101144791,0.5817802846431732,0.5910609886050224,74,경상북도 청송군 진보면 경동로 5162,A02,A0206,A02060500,1,0,0,0,경상북도,청송군
75,75,군산 3.1운동 100주년 기념관,0.6249447464942932,0.7225578665733338,0.7146960258483886,0.6033735394477844,75,전북특별자치도 군산시 영명길 29,A02,A0206,A02060200,0,0,0,1,전북특별자치도,군산시
76,76,그라운드시소 명동,0.521270540356636,0.662776255607605,0.646962234377861,0.6147846341133117,76,서울특별시 중구 남대문로 73 (남대문로2가),A02,A0206,A02060300,0,0,0,0,서울특별시,중구
77,77,그리스신화박물관,0.5649087309837342,0.7155598819255828,0.6934722185134887,0.6221937358379364,77,제주특별자치도 제주시 한림읍 광산로 942,A02,A0206,A02060100,0,0,1,1,제주특별자치도,제주시
78,78,근대문화체험관 계산예가,0.5723380416631698,0.6692525506019592,0.6744903326034546,0.6589376121759415,78,대구광역시 중구 서성로 6-1,A02,A0206,A02060300,0,0,0,1,대구광역시,중구
79,79,글로빌아트홀,0.6123591065406799,0.6384522318840027,0.7370211482048035,0.8674169182777405,79,부산광역시 동래구 사직북로48번길 162 (온천동),A02,A0206,A02060600,0,0,0,0,부산광역시,동래구
80,80,금보성아트센터,0.4744417816400528,0.6898516118526459,0.6273441910743713,0.6326157450675964,80,서울특별시 종로구 평창36길 20 (평창동),A02,A0206,A02060500,0,0,1,0,서울특별시,종로구
81,81,금천구립독산도서관,0.5021141568819681,0.6544291774431864,0.6488704284032186,0.6187476913134257,81,서울특별시 금천구 독산로54길 114,A02,A0206,A02060900,0,0,1,0,서울특별시,금천구
82,82,금호아트홀 연세,0.4637046688132816,0.5111207266648611,0.5375659730699327,0.5835899578200446,82,서울특별시 서대문구 연세로 50 (신촌동),A02,A0206,A02060600,0,0,0,0,서울특별시,서대문구
83,83,기분좋은극장,0.5900582075119019,0.6945674419403076,0.6716741323471069,0.578319251537323,83,광주광역시 서구 상무중앙로 90 (치평동),A02,A0206,A02060600,1,0,1,0,광주광역시,서구
84,84,기차왕국박물관카페,0.5611290097236633,0.7225417256355285,0.6933673739433288,0.6253197133541107,84,인천광역시 남동구 장자로6번길 112-7,A02,A0206,A02060100,0,0,0,0,인천광역시,남동구
85,85,김대중 노벨평화상기념관,0.5884818375110626,0.6560758650302887,0.6786359548568726,0.7229711890220643,85,전라남도 목포시 삼학로92번길 68,A02,A0206,A02060200,0,0,1,1,전라남도,목포시
86,86,김리아 갤러리,0.5889136016368866,0.6973948121070862,0.6749476134777069,0.6062247931957245,86,서울특별시 강남구 압구정로75길 5 리아빌딩,A02,A0206,A02060500,1,0,0,1,서울특별시,강남구
87,87,김수현드라마아트홀,0.6533166170120239,0.6706866025924683,0.7189184427261353,0.6617803573608398,87,충청북도 청주시 상당구 우암산로41번길 21 (수동),A02,A0206,A02060300,0,0,0,0,충청북도,청주시
88,88,김영갑 갤러리(두모악),0.5719092637300491,0.689752584695816,0.6761182308197021,0.610127866268158,88,제주특별자치도 서귀포시 성산읍 삼달로 137,A02,A0206,A02060500,0,0,1,1,제주특별자치도,서귀포시
89,89,김영삼대통령 기록전시관,0.4625978469848633,0.5369973182678223,0.5957815051078796,0.5409082174301147,89,경상남도 거제시 장목면 옥포대첩로 743,A02,A0206,A02060300,0,0,0,0,경상남도,거제시
90,90,김천 세계도자기박물관,0.4462935514748096,0.5476492792367935,0.545404277741909,0.5392533168196678,90,경상북도 김천시 대항면 직지사길 118,A02,A0206,A02060100,0,0,0,0,경상북도,김천시
91,91,김택화 미술관,0.5242803394794464,0.630862694978714,0.6166972517967224,0.5311673402786254,91,제주특별자치도 제주시 조천읍 신흥로 1,A02,A0206,A02060500,1,0,1,1,제주특별자치도,제주시
92,92,김포국제조각공원,0.5596316933631897,0.6322788596153259,0.6464034259319306,0.606855309009552,92,경기도 김포시 월곶면 용강로13번길 38,A02,A0206,A02060300,1,0,1,0,경기도,김포시
93,93,김해 분청도자박물관,0.515954777598381,0.6141626954078674,0.6229389011859894,0.6457273691892624,93,경상남도 김해시 진례면 진례로 275-35,A02,A0206,A02060100,0,0,0,0,경상남도,김해시
94,94,김홍도미술관,0.5387732177972794,0.6240382730960846,0.631761783361435,0.6404880166053772,94,경기도 안산시 상록구 충장로 422,A02,A0206,A02060500,0,0,0,0,경기도,안산시
95,95,깨어있는시민 문화체험전시관,0.579085236787796,0.6624122083187103,0.6547526478767395,0.6174825549125671,95,경상남도 김해시 봉하로 132,A02,A0206,A02060300,0,0,0,0,경상남도,김해시
96,96,나이롱책방,0.5555551558732986,0.6770144730806351,0.6716079592704773,0.6294368207454681,96,제주특별자치도 제주시 관덕로8길 17,A02,A0206,A02061000,0,0,0,0,제주특별자치도,제주시
97,97,나주배박물관,0.6009014308452606,0.7136579215526581,0.6947922706604004,0.6322224259376525,97,전라남도 나주시 금천면 영산로 5838,A02,A0206,A02060100,0,0,0,0,전라남도,나주시
98,98,난고 김삿갓 문학관,0.5210169315338135,0.6112908244132995,0.6225117266178131,0.5643402218818665,98,강원특별자치도 영월군 김삿갓면 김삿갓로 216-22,A02,A0206,A02060200,0,0,0,0,강원특별자치도,영월군
99,99,남가람박물관,0.347616708278656,0.447033029794693,0.442603075504303,0.4729142308235168,99,경상남도 진주시 내동면 칠봉산길 190,A02,A0206,A02060100,0,0,0,0,경상남도,진주시
100,100,남농기념관,0.4953372809622023,0.5955532259411283,0.587411536110772,0.6016209721565247,100,전라남도 목포시 남농로 119,A02,A0206,A02060200,1,1,0,1,전라남도,목포시
101,101,남도소리울림터,0.5453102588653564,0.5016477704048157,0.6009289026260376,0.7201654314994812,101,전라남도 무안군 삼향읍 남악로 222,A02,A0206,A02060600,0,0,0,0,전라남도,무안군
102,102,남동소래아트홀,0.4248931616544723,0.5107056438922882,0.5320245385169983,0.5866913706064224,102,인천광역시 남동구 아암대로1437번길 32,A02,A0206,A02060600,0,0,0,0,인천광역시,남동구
103,103,남망산 조각공원,0.4319995552301406,0.5078009307384491,0.5369751811027527,0.5611385136842728,103,경상남도 통영시 남망공원길 29,A02,A0206,A02060300,1,0,1,0,경상남도,통영시
104,104,남산도서관(춘천),0.5573762059211731,0.7568662166595459,0.7283166646957397,0.6521917581558228,104,강원특별자치도 춘천시 남산면 강촌로 311,A02,A0206,A02060900,0,0,1,0,강원특별자치도,춘천시
105,105,남송미술관,0.6373755931854248,0.7207634150981903,0.7157008349895477,0.644916221499443,105,경기도 가평군 북면 백둔로 322,A02,A0206,A02060500,0,0,1,1,경기도,가평군
106,106,남양주시립박물관,0.501465380191803,0.5753661632537842,0.6194636166095734,0.7021721273660659,106,경기도 남양주시 와부읍 팔당로 121,A02,A0206,A02060100,0,0,0,1,경기도,남양주시
107,107,남원 백두대간전시관,0.5751290947198868,0.6513815760612488,0.6991061866283417,0.759688863158226,107,전북특별자치도 남원시 운봉읍 주촌리,A02,A0206,A02060300,0,0,1,0,전북특별자치도,남원시
108,108,남원향토박물관,0.5378740310668946,0.6481300175189972,0.6546274125576019,0.6473102807998657,108,전북특별자치도 남원시 양림길 14-9,A02,A0206,A02060100,0,0,1,1,전북특별자치도,남원시
109,109,남이섬 노래박물관,0.5017137348651886,0.5778973639011383,0.5849090695381165,0.6270302832126617,109,강원특별자치도 춘천시 남산면 남이섬길 1,A02,A0206,A02060100,0,0,0,0,강원특별자치도,춘천시
110,110,넥스페리움,0.5725981414318084,0.707883644104004,0.687491911649704,0.6550215423107147,110,대전광역시 유성구 엑스포로 1 (도룡동),A02,A0206,A02060300,0,0,0,0,대전광역시,유성구
111,111,노들섬 라이브하우스,0.4658249504864216,0.5443680286407471,0.5521149858832359,0.6031905189156532,111,서울특별시 용산구 이촌동,A02,A0206,A02060600,0,0,0,0,서울특별시,용산구
112,112,노랑다리미술관,0.5487802147865295,0.6897149741649627,0.6586062490940094,0.6156797915697098,112,경기도 가평군 청평면 고성리,A02,A0206,A02060500,1,0,0,1,경기도,가평군
113,113,노원우주학교,0.5914396435022354,0.6823957741260529,0.7077640056610107,0.6543656110763549,113,서울특별시 노원구 동일로205길 13,A02,A0206,A02060300,0,0,1,0,서울특별시,노원구
114,114,녹청자박물관,0.5027770549058914,0.6177873730659484,0.6292620658874511,0.64045250415802,114,인천광역시 서구 도요지로 54,A02,A0206,A02060300,0,0,1,0,인천광역시,서구
115,115,느리게 책방,0.542288801074028,0.6326633155345917,0.649847435951233,0.6110353887081146,115,충청남도 공주시 우체국길 24,A02,A0206,A02061000,1,0,0,0,충청남도,공주시
116,116,능강솟대문화공간,0.3240780532360077,0.3640826642513275,0.4019357115030288,0.475057452917099,116,충청북도 제천시 수산면 옥순봉로 1100,A02,A0206,A02060300,0,0,0,0,충청북도,제천시
117,117,다가 여행자 도서관,0.3676726222038269,0.5069341460863749,0.4929822484652201,0.5165490508079529,117,전북특별자치도 전주시 완산구 전라감영2길 28 (다가동1가),A02,A0206,A02060900,0,0,0,1,전북특별자치도,전주시
118,118,다보성 갤러리,0.2827215492725372,0.3422369956970215,0.3133817315101623,0.3960307240486145,118,서울특별시 종로구 삼일대로 457,A02,A0206,A02060500,0,0,0,0,서울특별시,종로구
119,119,다울랭 갤러리,0.3799649327993393,0.5628594756126404,0.5344150364398956,0.6216116100549698,119,서울특별시 용산구 한강대로15길 32 (한강로3가),A02,A0206,A02060300,0,0,0,0,서울특별시,용산구
120,120,달성 한일우호관,0.3605155318975448,0.4269764304161071,0.4185700833797455,0.4974488735198974,120,대구광역시 달성군 가창면 우록길 206,A02,A0206,A02060300,0,0,0,0,대구광역시,달성군
121,121,달성습지생태학습관,0.5366426765918731,0.6299998104572296,0.6474539518356324,0.6419538885354996,121,대구광역시 달성군 화원읍 구라1길 88,A02,A0206,A02060300,1,0,0,0,대구광역시,달성군
122,122,담양곤충박물관,0.5555208414793015,0.6969788670539856,0.6753400921821594,0.6201691329479218,122,전라남도 담양군 담양읍 담양88로 428,A02,A0206,A02060100,0,0,0,0,전라남도,담양군
123,123,담양우표박물관,0.484334864786693,0.5685128484453473,0.5703639090061188,0.5632059063230243,123,전라남도 담양군 대전면 대치9길 16,A02,A0206,A02060100,0,0,0,0,전라남도,담양군
124,124,당림미술관,0.5761168032884598,0.7003098368644715,0.6985184490680695,0.6441225111484528,124,충청남도 아산시 송악면 외암로1182번길 34-19,A02,A0206,A02060500,1,0,0,1,충청남도,아산시
125,125,당진 월드 아트 서커스,0.5562914431095123,0.7047971546649933,0.676420146226883,0.628560358285904,125,충청남도 당진시 신평면 운정리,A02,A0206,A02060600,0,0,0,0,충청남도,당진시
126,126,닻미술관,0.5762464374303817,0.7101698338985443,0.7089063167572022,0.6653279364109039,126,경기도 광주시 초월읍 진새골길 184,A02,A0206,A02060500,0,0,0,0,경기도,광주시
127,127,대구광역시립남부도서관,0.2827215492725372,0.3422369956970215,0.3133817315101623,0.3960307240486145,127,대구광역시 남구 앞산순환로 512,A02,A0206,A02060900,0,0,0,0,대구광역시,남구
128,128,대구교육대학교 교육박물관,0.3687323659658432,0.4493877708911896,0.4487119972705841,0.5355382263660431,128,대구광역시 남구 중앙대로 219,A02,A0206,A02060100,0,0,0,0,대구광역시,남구
129,129,대구예술발전소,0.5263912305235863,0.6107756048440933,0.6014400571584702,0.549258403480053,129,대구광역시 중구 달성로22길 31-12,A02,A0206,A02060600,0,0,0,0,대구광역시,중구
130,130,대나무 건강나라,0.5929098218679428,0.6437657743692398,0.6578537285327911,0.6723039865493774,130,전라남도 담양군 금성면 원율길 12,A02,A0206,A02060300,0,0,0,0,전라남도,담양군
131,131,대백프라자갤러리,0.5702144742012024,0.7122990667819977,0.6718330085277557,0.6305023550987243,131,대구광역시 중구 명덕로 333,A02,A0206,A02060500,0,0,0,0,대구광역시,중구
132,132,대불호텔전시관,0.5117779910564423,0.5813461780548096,0.5710385203361511,0.5859444230794907,132,인천광역시 중구 신포로23번길 101,A02,A0206,A02060300,0,0,0,0,인천광역시,중구
133,133,대산미술관,0.4939006765683492,0.6028253104951646,0.6143892871008979,0.5622736016909281,133,경상남도 창원시 의창구 대산면 유등로369번길 14-8,A02,A0206,A02060500,0,0,0,0,경상남도,창원시
134,134,대오서점,0.3656906813383102,0.468119329214096,0.4325546324253082,0.4051392883062362,134,서울특별시 종로구 누하동 33,A02,A0206,A02061000,0,0,0,1,서울특별시,종로구
135,135,대원사 티벳박물관,0.5443019300699234,0.6469289898872376,0.6480546236038208,0.6115220993757248,135,전라남도 보성군 죽산길 520-1,A02,A0206,A02060100,0,0,0,1,전라남도,보성군
136,136,대전대학교박물관,0.2797671457131703,0.389495054880778,0.365877091884613,0.4570695161819458,136,대전광역시 동구 대학로 62 대전대학교,A02,A0206,A02060100,0,0,0,0,대전광역시,동구
137,137,대통령기록전시관,0.4625978469848633,0.5369973182678223,0.5957815051078796,0.5409082174301147,137,세종특별자치시 다솜로 250,A02,A0206,A02060300,0,0,0,0,세종특별자치시,다솜로
138,138,대학로자유극장,0.3888352066278457,0.450291907787323,0.4551127344369888,0.4716500401496887,138,서울특별시 종로구 대학로12길 31 (동숭동),A02,A0206,A02060600,0,0,0,0,서울특별시,종로구
139,139,대학로티오엠,0.3651569157838821,0.4511589407920837,0.4330146491527557,0.4794068485498428,139,서울특별시 종로구 대학로8가길 85 (동숭동),A02,A0206,A02060600,0,0,0,0,서울특별시,종로구
140,140,더서울라이티움,0.4674303591251373,0.5844204127788544,0.5813775539398194,0.5481738805770874,140,서울특별시 성동구 서울숲2길 32-14,A02,A0206,A02060300,0,0,0,0,서울특별시,성동구
141,141,더페이지갤러리,0.5641271352767945,0.6137252807617187,0.6130276262760163,0.5478113710880279,141,서울특별시 성동구 서울숲2길 32-14,A02,A0206,A02060500,0,0,0,0,서울특별시,성동구
142,142,더폴락,0.5400764226913453,0.63922478556633,0.6308622598648072,0.5758974462747574,142,대구광역시 중구 경상감영1길 62-5,A02,A0206,A02061000,0,0,0,0,대구광역시,중구
143,143,덕소자연사박물관,0.5757111787796021,0.6979885578155518,0.713690459728241,0.6761866718530655,143,경기도 남양주시 와부읍 석실로 46-11,A02,A0206,A02060100,0,0,0,0,경기도,남양주시
144,144,덕포진교육박물관,0.5230181872844696,0.6328880548477173,0.6176597595214843,0.583512082695961,144,경기도 김포시 대곶면 덕포진로103번길 90,A02,A0206,A02060100,1,0,0,0,경기도,김포시
145,145,도산안창호기념관,0.5086974799633026,0.606334408124288,0.5928989251454672,0.5688960254192352,145,서울특별시 강남구 도산대로45길 20,A02,A0206,A02060200,0,0,0,0,서울특별시,강남구
146,146,도시파빌리온,0.5835856795310974,0.7209755063056946,0.6872090399265289,0.630882066488266,146,부산광역시 수영구 광안동,A02,A0206,A02060500,0,0,0,0,부산광역시,수영구
147,147,동광극장,0.4995256751775742,0.6079028844833374,0.6022611677646637,0.602643859386444,147,경기도 동두천시 생연동,A02,A0206,A02061200,1,0,0,0,경기도,동두천시
148,148,동구인문학당,0.5342080507959638,0.6173593912805829,0.5940595439502171,0.5508275542940412,148,광주광역시 동구 동계천로 168-5,A02,A0206,A02061100,0,0,0,0,광주광역시,동구
149,149,동국대학교 WISE캠퍼스박물관,0.4688393831253051,0.5396496534347535,0.5469563603401184,0.6139824986457825,149,경상북도 경주시 동대로 123,A02,A0206,A02060100,0,0,0,0,경상북도,경주시
150,150,동그란책,0.5622809618711472,0.683530455827713,0.6737367033958435,0.6420603156089782,150,강원특별자치도 속초시 중앙로46번길 45 (교동),A02,A0206,A02061000,0,0,0,0,강원특별자치도,속초시
151,151,동네책방 스몰굿씽,0.4128407947719097,0.530680239200592,0.5165086463093758,0.5444927476346493,151,강원특별자치도 원주시 판부면 매봉길 52-1,A02,A0206,A02061000,0,0,0,0,강원특별자치도,원주시
152,152,동두천꿈나무정보도서관,0.5229117274284363,0.6068333983421326,0.6148571968078613,0.5238684415817261,152,경기도 동두천시 지행로 38,A02,A0206,A02060900,0,0,0,0,경기도,동두천시
153,153,동림매듭공방,0.6046091094613075,0.7170640826225281,0.7246139124035835,0.6694262102246284,153,서울특별시 종로구 북촌로12길 10,A02,A0206,A02060100,0,0,0,0,서울특별시,종로구
154,154,동문헌책도서관,0.5194885432720184,0.6843435019254684,0.6491986662149429,0.5782450586557388,154,전북특별자치도 전주시 완산구 동문길 51 (풍남동1가),A02,A0206,A02060900,0,0,0,0,전북특별자치도,전주시
155,155,동아대학교 석당박물관(부산),0.4576326996088028,0.5368749588727951,0.5598106652498245,0.6402830809354783,155,부산광역시 서구 구덕로 225,A02,A0206,A02060100,0,0,0,0,부산광역시,서구
156,156,동아방송예술대학교 DIMA아트센터,0.6123591065406799,0.6384522318840027,0.7370211482048035,0.8674169182777405,156,경기도 안성시 삼죽면 동아예대길 47,A02,A0206,A02060500,0,0,0,0,경기도,안성시
157,157,동양자수박물관,0.5381096124649047,0.6266284704208374,0.6040295481681823,0.5085584074258804,157,강원특별자치도 강릉시 죽헌길 140-12,A02,A0206,A02060100,0,0,0,0,강원특별자치도,강릉시
158,158,동자아트홀,0.3994212001562118,0.5305949151515961,0.4900308549404144,0.4945923984050751,158,"서울특별시 용산구 한강대로 372 (동자동, 센트레빌아스테리움서울)",A02,A0206,A02060600,0,0,0,0,서울특별시,용산구
159,159,동제미술관(동제미술전시관),0.4812003791332245,0.5776677787303924,0.5676687479019165,0.5402846038341522,159,대구광역시 달성군 가창면 헐티로10길 18,A02,A0206,A02060300,1,0,0,0,대구광역시,달성군
160,160,동해안젓갈콤플렉스센터,0.4753108620643616,0.6707209348678589,0.6895241141319275,0.6594375371932983,160,강원특별자치도 속초시 농공단지1길 4,A02,A0206,A02060100,0,0,0,0,강원특별자치도,속초시
161,161,두루뫼박물관,0.5759226828813553,0.6880291104316711,0.6961008906364441,0.6840267479419708,161,경기도 파주시 법원읍 초리골길 278,A02,A0206,A02060100,0,0,0,0,경기도,파주시
162,162,둘리뮤지엄,0.5416449457406998,0.6931388139724731,0.679280823469162,0.6573914647102356,162,서울특별시 도봉구 시루봉로1길 6,A02,A0206,A02060100,0,0,0,0,서울특별시,도봉구
163,163,딜라이트 담양,0.6198791801929474,0.7284003674983979,0.7189970076084137,0.6668403148651123,163,전라남도 담양군 화방송정길 21-14,A02,A0206,A02060300,0,0,1,1,전라남도,담양군
164,164,떡박물관,0.4285520702600479,0.5537201523780823,0.5340901911258698,0.4971285551786423,164,서울특별시 종로구 돈화문로 71,A02,A0206,A02060100,0,0,0,0,서울특별시,종로구
165,165,또봇정크아트뮤지엄(경주또봇정크아트뮤지엄),0.5557130932807922,0.7056377530097961,0.6657299935817719,0.6003974795341491,165,경상북도 경주시 경감로 614,A02,A0206,A02060100,0,0,0,1,경상북도,경주시
166,166,라디오스타박물관,0.5875595688819886,0.6741346001625061,0.6731750667095184,0.6081209570169449,166,강원특별자치도 영월군 영월읍 금강공원길 84-3,A02,A0206,A02060100,1,0,0,1,강원특별자치도,영월군
167,167,라이카시네마,0.492042151093483,0.6499901115894318,0.6484066694974899,0.5989729970693588,167,서울특별시 서대문구 연희로8길 18 (연희동),A02,A0206,A02061200,0,0,0,1,서울특별시,서대문구
168,168,레디움아트센터,0.5459175288677216,0.6437023878097534,0.6041823327541351,0.5370862543582916,168,부산광역시 해운대구 해운대해변로298번길 24 (중동),A02,A0206,A02060500,0,0,0,0,부산광역시,해운대구
169,169,루트머지,0.6677138209342957,0.6181221604347229,0.6723835468292236,0.6503603458404541,169,광주광역시 광산구 비아로34번길 47 루트머지주식회사,A02,A0206,A02060700,0,0,0,0,광주광역시,광산구
170,170,류방택천문기상과학관,0.5809712469577789,0.7227540731430053,0.6876219809055328,0.6249935388565063,170,충청남도 서산시 인지면 무학로 1353-4,A02,A0206,A02060300,0,0,1,0,충청남도,서산시
171,171,리각미술관,0.3800178120533625,0.4566097557544708,0.439367930094401,0.50302421549956,171,충청남도 천안시 동남구 태조산길 245,A02,A0206,A02060500,0,0,0,0,충청남도,천안시
172,172,마차박물관,0.5774797260761261,0.6997410774230957,0.7211605548858643,0.7098978519439697,172,충청북도 진천군 문백면 농다리로 34,A02,A0206,A02060100,0,0,0,0,충청북도,진천군
173,173,말박물관 (렛츠런파크),0.5645320117473602,0.5744351744651794,0.654299721121788,0.7624438926577568,173,경기도 과천시 경마공원대로 107,A02,A0206,A02060100,0,0,0,0,경기도,과천시
174,174,망골조각공원(망골공원),0.5075465232133866,0.6009671926498413,0.6237278521060944,0.658859321475029,174,충청북도 청주시 상당구 월평로 168,A02,A0206,A02060300,0,0,0,0,충청북도,청주시
175,175,매암차문화박물관,0.5944624990224838,0.7019650220870972,0.7038248658180237,0.6892203748226166,175,경상남도 하동군 악양서로 346-1 매암다원문화박물관,A02,A0206,A02060100,0,0,1,1,경상남도,하동군
176,176,명동난타극장,0.4747964799404144,0.543554162979126,0.5726966708898544,0.6164343953132629,176,서울특별시 중구 명동길 26,A02,A0206,A02060600,0,0,0,0,서울특별시,중구
177,177,목면시배유지,0.5659165928761164,0.6181265811125437,0.6897750695546468,0.7517804404099783,177,경상남도 산청군 단성면 목화로 887,A02,A0206,A02060300,0,0,0,0,경상남도,산청군
178,178,목인박물관 목석원,0.5255057215690613,0.6271421849727631,0.6062894105911255,0.5464903593063355,178,서울특별시 종로구 창의문로5길 46-1,A02,A0206,A02060100,1,0,1,1,서울특별시,종로구
179,179,목재문화·자연사체험관,0.5335639238357544,0.6632939338684082,0.6921644091606141,0.6931206613779068,179,충청남도 청양군 대치면 칠갑산로 704-21,A02,A0206,A02060300,0,0,0,0,충청남도,청양군
180,180,목포근대역사관 1관,0.6058835625648499,0.7107219457626343,0.6935768485069275,0.6150713503360749,180,전라남도 목포시 영산로29번길 6,A02,A0206,A02060300,0,0,0,1,전라남도,목포시
181,181,목포근대역사관 2관,0.6163534551858902,0.6995124638080596,0.705158406496048,0.6583657115697861,181,전라남도 목포시 번화로 18,A02,A0206,A02060300,0,0,0,1,전라남도,목포시
182,182,목포문학관,0.5310552209615708,0.6167385458946228,0.6278370499610901,0.6067269802093506,182,전라남도 목포시 남농로 95,A02,A0206,A02060200,0,0,0,1,전라남도,목포시
183,183,무비랜드 왁스뮤지엄,0.5771971702575683,0.7210258603096008,0.6931735694408416,0.6438825964927674,183,제주특별자치도 서귀포시 중문관광로 205 (중문동),A02,A0206,A02060100,0,0,0,1,제주특별자치도,서귀포시
184,184,무안군오승우미술관,0.2909000515937805,0.316663384437561,0.2916920185089111,0.3459102809429168,184,전라남도 무안군 초의길 7 무안군오승우미술관,A02,A0206,A02060500,0,0,0,0,전라남도,무안군
185,185,무주 산골영화관,0.4532000988721847,0.533996170759201,0.5471388757228851,0.5589816689491272,185,전북특별자치도 무주군 무주읍 한풍루로 326-17,A02,A0206,A02061200,0,0,0,1,전북특별자치도,무주군
186,186,무주예체문화관,0.2708535939455032,0.3811509609222412,0.3869636356830597,0.4295863658189773,186,전북특별자치도 무주군 무주읍 한풍루로 326-17,A02,A0206,A02060600,0,0,0,0,전북특별자치도,무주군
187,187,문우당서림,0.5242976546287537,0.6344200670719147,0.6408072412014008,0.6394052565097809,187,강원특별자치도 속초시 중앙로 45,A02,A0206,A02061000,0,0,0,1,강원특별자치도,속초시
188,188,뮤지엄오브일루전,0.5757193922996521,0.7153433918952942,0.6972754895687103,0.6425683557987213,188,부산광역시 해운대구 수영강변대로 120 (우동),A02,A0206,A02060300,0,0,1,1,부산광역시,해운대구
189,189,미메시스 아트 뮤지엄,0.5859949886798859,0.7016468584537506,0.6792459905147552,0.6424143493175507,189,경기도 파주시 문발로 253,A02,A0206,A02060500,0,0,0,0,경기도,파주시
190,190,미술관 자작나무숲,0.5254001975059509,0.6340696275234222,0.6314276337623597,0.5876281201839447,190,강원특별자치도 횡성군 우천면 한우로두곡5길 186,A02,A0206,A02060500,1,0,0,1,강원특별자치도,횡성군
191,191,미호박물관,0.5779247522354126,0.7186607480049133,0.696907252073288,0.6539336740970612,191,경기도 남양주시 고산로126번길 15-2,A02,A0206,A02060100,0,0,0,0,경기도,남양주시
192,192,밀양 한천박물관,0.59064861536026,0.7455026268959045,0.7033956289291382,0.6413874149322509,192,경상남도 밀양시 산내면 봉의로 58-31,A02,A0206,A02060100,0,0,0,1,경상남도,밀양시
193,193,밀양의열기념관,0.4567833065986633,0.5451606035232544,0.5525900512933731,0.589415317773819,193,경상남도 밀양시 노상하1길 25-12,A02,A0206,A02060200,0,0,0,0,경상남도,밀양시
194,194,바니베어 뮤지엄,0.5376830250024796,0.703554219007492,0.6646237015724182,0.5953792810440064,194,경상북도 경주시 보문로 280-34 (북군동),A02,A0206,A02060300,0,0,0,1,경상북도,경주시
195,195,바람숲그림책도서관,0.5886658430099487,0.730149245262146,0.7217476487159729,0.6547324776649475,195,인천광역시 강화군 덕진로159번길 66-34 바람숲그림책도서관,A02,A0206,A02060900,0,0,0,0,인천광역시,강화군
196,196,바이나흐튼 크리스마스박물관,0.3671744912862777,0.4656713426113129,0.4483780145645141,0.4328717142343521,196,제주특별자치도 서귀포시 안덕면 평화로 654,A02,A0206,A02060100,0,0,0,1,제주특별자치도,서귀포시
197,197,바탕골소극장,0.3350407242774963,0.4073944151401519,0.3827886462211609,0.3909971714019775,197,서울특별시 종로구 동숭동,A02,A0206,A02060600,0,0,0,0,서울특별시,종로구
198,198,박물관 얼굴,0.5381866455078125,0.6403585076332092,0.6476968586444855,0.5708559930324555,198,경기도 광주시 남종면 분원길 3-6,A02,A0206,A02060100,1,0,1,1,경기도,광주시
199,199,박정우 염색갤러리,0.5823252141475678,0.6741411328315735,0.6860159814357758,0.7090281188488007,199,충청북도 제천시 내제로31길 22,A02,A0206,A02060500,0,0,0,0,충청북도,제천시
200,200,반야월역사작은도서관,0.5516310334205627,0.6385147571563721,0.6312437057495117,0.7000153064727783,200,대구광역시 동구 신서로 50,A02,A0206,A02060900,0,0,0,0,대구광역시,동구
201,201,배다골테마파크 고양민속박물관,0.5435476273298263,0.689556109905243,0.6769460201263428,0.6382851123809814,201,경기도 고양시 덕양구 배다골길 131,A02,A0206,A02060100,0,0,0,0,경기도,고양시
202,202,배다리 아트스테이1930,0.6092928797006607,0.6678293844064077,0.6841945648193359,0.7030137727657954,202,인천광역시 동구 금곡로11번길 1-4 진도여인숙,A02,A0206,A02060400,0,0,1,0,인천광역시,동구
203,203,배미꾸미조각공원,0.5527281701564789,0.6900286376476288,0.6838065445423126,0.6192471504211425,203,인천광역시 옹진군 북도면 모도로140번길 41,A02,A0206,A02060300,1,0,1,0,인천광역시,옹진군
204,204,배재학당역사박물관,0.4825862526893615,0.6022256016731262,0.5864914655685425,0.5065902292728424,204,서울특별시 중구 서소문로11길 19,A02,A0206,A02060100,0,0,0,0,서울특별시,중구
205,205,벅스리움,0.6144202351570129,0.7361151516437531,0.7179013192653656,0.6627778589725495,205,경기도 시흥시 정왕동,A02,A0206,A02060100,0,0,0,0,경기도,시흥시
206,206,범어사 성보박물관,0.3458342313766479,0.4481751680374145,0.4318973183631897,0.5053238838911056,206,부산광역시 금정구 범어사로 250,A02,A0206,A02060100,0,0,0,0,부산광역시,금정구
207,207,벗이미술관,0.5548869043588638,0.7057621598243713,0.7001529514789582,0.6365772366523743,207,경기도 용인시 처인구 양지면 학촌로53번길 4,A02,A0206,A02060500,1,0,0,1,경기도,용인시
208,208,벽봉한국장신구박물관,0.5201582362254461,0.5960561136404673,0.6305544277032217,0.6821583906809489,208,경기도 파주시 탄현면 헤이리마을길 48-38,A02,A0206,A02060100,0,0,0,1,경기도,파주시
209,209,별새꽃돌과학관,0.6128388444582621,0.6485310792922974,0.6954261461893717,0.7210521896680196,209,충청북도 제천시 봉양읍 옥전4길 45,A02,A0206,A02060300,0,0,0,0,충청북도,제천시
210,210,보령머드박물관,0.4064339867659977,0.4274495158876691,0.4740184715815952,0.522495665720531,210,충청남도 보령시 대해로 897-15,A02,A0206,A02060100,0,0,0,0,충청남도,보령시
211,211,보령해저터널홍보관,0.4721951484680176,0.5126652419567108,0.5357005000114441,0.5963325053453445,211,충청남도 보령시 대천항로 250-20 (신흑동),A02,A0206,A02060300,0,0,0,0,충청남도,보령시
212,212,복합문화공간 모나무르,0.591371750831604,0.7183628141880035,0.6851656496524811,0.6403400838375092,212,충청남도 아산시 순천향로 624,A02,A0206,A02060300,1,0,0,1,충청남도,아산시
213,213,봉화 농경문화전시관,0.5822938084602356,0.6155470311641693,0.6952579021453857,0.8065170645713806,213,경상북도 봉화군 명호면 광석길 39,A02,A0206,A02060300,0,0,0,0,경상북도,봉화군
214,214,부산 스마트시티 전시관,0.2799749076366424,0.3846266865730285,0.3547390103340149,0.4003797769546509,214,부산광역시 해운대구 센텀동로 41,A02,A0206,A02060300,0,0,0,0,부산광역시,해운대구
215,215,부산 트릭아이뮤지엄,0.5761424988508225,0.71134272813797,0.6779206037521363,0.6453641891479492,215,부산광역시 중구 대청로126번길 12,A02,A0206,A02060500,0,0,0,1,부산광역시,중구
216,216,부산과학기술대학교 민속자료실,0.4461670070886612,0.5115394592285156,0.5458800792694092,0.6338983476161957,216,부산광역시 북구 시랑로132번길 88,A02,A0206,A02060300,0,0,0,0,부산광역시,북구
217,217,부산광역시립 시민도서관,0.5985040664672852,0.7408336400985718,0.7281988263130188,0.6731133460998535,217,부산광역시 부산진구 월드컵대로 462,A02,A0206,A02060900,0,0,1,0,부산광역시,부산진구
218,218,부산근현대역사관 본관,0.2782899439334869,0.4131240844726562,0.3921247720718384,0.4875889122486114,218,부산광역시 중구 대청로 112 (대청동1가),A02,A0206,A02060100,0,0,0,0,부산광역시,중구
219,219,부산어촌민속관,0.6606766581535339,0.7747811675071716,0.7699185609817505,0.7410125136375427,219,부산광역시 북구 학사로 128,A02,A0206,A02060300,0,0,0,0,부산광역시,북구
220,220,부산해양자연사박물관,0.4144342641035716,0.4991224656502406,0.4908294876416524,0.5504009276628494,220,부산광역시 동래구 우장춘로 175,A02,A0206,A02060100,0,0,0,0,부산광역시,동래구
221,221,부안누에타운,0.5532509446144104,0.7063896358013153,0.6776796281337738,0.6127278447151184,221,전북특별자치도 부안군 변산면 참뽕로 434-20,A02,A0206,A02060300,0,0,0,0,전북특별자치도,부안군
222,222,부안청자박물관,0.5594428360462189,0.6496830463409424,0.6411381661891937,0.5848400592803955,222,전북특별자치도 부안군 보안면 청자로 1493,A02,A0206,A02060100,0,0,0,0,전북특별자치도,부안군
223,223,부엉이전시관(해피아울하우스),0.5891662836074829,0.6838894128799439,0.6737594544887543,0.6160122752189636,223,강원특별자치도 속초시 바람꽃마을길 118,A02,A0206,A02060300,0,0,0,0,강원특별자치도,속초시
224,224,부천시립꿈빛도서관,0.626083493232727,0.7044209837913513,0.7017427086830139,0.683150589466095,224,경기도 부천시 신흥로275번길 19,A02,A0206,A02060900,0,0,0,0,경기도,부천시
225,225,부천아트벙커B39,0.5350141853094101,0.6699929147958755,0.6590160340070724,0.6268973767757415,225,경기도 부천시 삼작로 53,A02,A0206,A02060500,0,0,0,0,경기도,부천시
226,226,부천자연생태박물관,0.5453028082847595,0.611944991350174,0.637786865234375,0.6533304810523987,226,경기도 부천시 춘의동,A02,A0206,A02060100,1,0,1,0,경기도,부천시
227,227,부천활박물관,0.4569302598635356,0.5614668793148465,0.5739389061927795,0.5921441515286764,227,경기도 부천시 소사로 482,A02,A0206,A02060100,0,0,0,0,경기도,부천시
228,228,북두칠성도서관,0.5879448890686035,0.7008871912956238,0.7140142500400544,0.6351596474647522,228,부산광역시 동구 충장대로 160 (초량동),A02,A0206,A02060900,0,0,0,0,부산광역시,동구
229,229,북촌동양문화박물관,0.5647728949785232,0.7162937879562378,0.7042242586612701,0.6576967060565948,229,서울특별시 종로구 북촌로11길 76 (삼청동),A02,A0206,A02060100,0,0,0,0,서울특별시,종로구
230,230,북한 반잠수정 전시관,0.6240322589874268,0.7358415126800537,0.7235987186431885,0.6729915142059326,230,전라남도 여수시 돌산읍 향일암로 365,A02,A0206,A02060300,0,0,0,0,전라남도,여수시
231,231,분원백자자료관,0.5963181734085083,0.7242440283298492,0.7107964813709259,0.6339218616485596,231,경기도 광주시 남종면 산수로 1642-1,A02,A0206,A02060300,0,0,0,0,경기도,광주시
232,232,분재박물관,0.6843169033527374,0.6341021955013275,0.7093104422092438,0.8244208991527557,232,서울특별시 서초구 신흥안길 40-10,A02,A0206,A02060100,0,0,0,0,서울특별시,서초구
233,233,붓이야기박물관,0.5664985597133636,0.6691514790058136,0.663657009601593,0.6199226468801499,233,강원특별자치도 춘천시 서면 박사로 906,A02,A0206,A02060100,0,0,0,0,강원특별자치도,춘천시
234,234,브릭캠퍼스 강릉,0.540720409154892,0.6946464061737061,0.6764739155769348,0.6289484620094299,234,강원특별자치도 강릉시 해안로 32-8,A02,A0206,A02060300,0,0,0,1,강원특별자치도,강릉시
235,235,브릭캠퍼스 부산,0.5542676776647568,0.7140236854553222,0.6747876584529877,0.621738487482071,235,부산광역시 기장군 동부산관광로 8,A02,A0206,A02060300,0,0,1,0,부산광역시,기장군
236,236,블루메 미술관,0.5166423082351684,0.6124145686626434,0.6195417225360871,0.6253531634807586,236,경기도 파주시 탄현면 헤이리마을길 59-30,A02,A0206,A02060500,1,0,1,0,경기도,파주시
237,237,비엔나인형박물관,0.5783471822738647,0.6854704856872559,0.6661877572536469,0.5865794122219086,237,강원특별자치도 평창군 대관령면 솔봉로 296,A02,A0206,A02060100,0,0,0,1,강원특별자치도,평창군
238,238,빛의 시어터,0.5978760451078415,0.7154418349266052,0.6782979667186737,0.6128147721290589,238,서울특별시 광진구 워커힐로 177 (광장동),A02,A0206,A02060300,0,0,0,1,서울특별시,광진구
239,239,사비나미술관,0.5566443890333176,0.6581321656703949,0.6412229716777802,0.5860605776309967,239,서울특별시 은평구 진관1로 93,A02,A0206,A02060500,0,0,0,0,서울특별시,은평구
240,240,사비도성 가상체험관,0.5318792849779129,0.6647165834903717,0.665560269355774,0.6481430202722549,240,충청남도 부여군 부여읍 부소로 15,A02,A0206,A02060300,1,0,1,1,충청남도,부여군
241,241,사천항공우주과학관,0.5931773006916046,0.7107021868228912,0.6993141293525695,0.6421563446521759,241,경상남도 사천시 사남면 공단1로 108,A02,A0206,A02060300,0,0,1,0,경상남도,사천시
242,242,산지천갤러리,0.5984730780124664,0.6872664391994476,0.6911986827850342,0.63276407122612,242,제주특별자치도 제주시 중앙로3길 36,A02,A0206,A02060500,0,0,0,1,제주특별자치도,제주시
243,243,산천어시네마,0.5102709367871284,0.5973954439163208,0.621714586019516,0.635136553645134,243,강원특별자치도 화천군 화천읍 상승로2길 25-10,A02,A0206,A02061200,1,0,1,1,강원특별자치도,화천군
244,244,산천어커피박물관,0.4980523824691772,0.6346729815006256,0.6032636344432831,0.5473612844944,244,강원특별자치도 화천군 화천읍 상승로2길 21,A02,A0206,A02060100,0,0,0,0,강원특별자치도,화천군
245,245,삼일문고,0.5564054161310196,0.6610928118228913,0.6686152875423431,0.6455175608396531,245,경상북도 구미시 금오시장로 6,A02,A0206,A02061000,0,0,0,0,경상북도,구미시
246,246,생명건강과학관,0.5781294405460358,0.7224433839321136,0.7196252942085266,0.672483605146408,246,강원특별자치도 홍천군 홍천읍 생명과학관길 78,A02,A0206,A02060300,0,0,0,1,강원특별자치도,홍천군
247,247,생초국제조각공원,0.2891405165195465,0.3403619289398193,0.3346382081508636,0.3218240916728973,247,경상남도 산청군 생초면 산수로 1064,A02,A0206,A02060300,0,0,0,0,경상남도,산청군
248,248,샤롯데씨어터,0.5297219812870025,0.7074849784374238,0.6864527940750123,0.6606943964958191,248,서울특별시 송파구 올림픽로 240 롯데월드,A02,A0206,A02060600,0,0,0,0,서울특별시,송파구
249,249,서귀포시립기당미술관,0.6025133192539215,0.7146495401859283,0.7214352190494537,0.6633990347385407,249,제주특별자치도 서귀포시 남성중로153번길 15,A02,A0206,A02060500,1,0,1,1,제주특별자치도,서귀포시
250,250,서귀포천문과학문화관,0.5353029370307922,0.6597793638706207,0.6602261483669281,0.5990056335926056,250,제주특별자치도 서귀포시 1100로 506-1 천문과학문화관,A02,A0206,A02060300,0,0,1,1,제주특별자치도,서귀포시
251,251,서복전시관,0.5211799025535584,0.6182829797267914,0.6193687796592713,0.5471741020679474,251,제주특별자치도 서귀포시 칠십리로 156-8,A02,A0206,A02060300,1,0,0,0,제주특별자치도,서귀포시
252,252,서소문성지역사박물관,0.5575003892183303,0.6894543945789338,0.6861368656158447,0.6053648829460144,252,서울특별시 중구 칠패로 5,A02,A0206,A02060100,0,0,1,0,서울특별시,중구
253,253,서울대학교 박물관,0.4758089363574981,0.5432208836078644,0.5668779611587524,0.6312191486358643,253,서울특별시 관악구 관악로 1 서울대학교,A02,A0206,A02060100,0,0,0,0,서울특별시,관악구
254,254,서울시립 북서울미술관,0.5010832935571671,0.6225205481052398,0.6172634780406951,0.5823784798383713,254,서울특별시 노원구 동일로 1238,A02,A0206,A02060500,0,0,1,0,서울특별시,노원구
255,255,서울아트센터 공평갤러리,0.6123591065406799,0.6384522318840027,0.7370211482048035,0.8674169182777405,255,서울특별시 종로구 삼일대로30길 10-3,A02,A0206,A02060500,0,0,0,0,서울특별시,종로구
256,256,서울약령시 한의약박물관,0.4602316617965698,0.5849385738372803,0.5685529619455337,0.5214258313179017,256,서울특별시 동대문구 약령중앙로 26,A02,A0206,A02060100,0,1,1,0,서울특별시,동대문구
257,257,서울특별시교육청 개포도서관,0.5850198864936829,0.6250500679016113,0.6241999864578247,0.5991669297218323,257,서울특별시 강남구 선릉로4길 30,A02,A0206,A02060900,0,0,0,0,서울특별시,강남구
258,258,서울특별시교육청 남산도서관,0.5397662997245789,0.7135039210319519,0.6898446202278137,0.6656639695167541,258,서울특별시 용산구 소월로 109,A02,A0206,A02060900,0,0,0,0,서울특별시,용산구
259,259,서울특별시교육청 노원평생학습관,0.5710298617680868,0.6056861877441406,0.6355989376703898,0.5970251758893331,259,서울특별시 노원구 동일로204길 13,A02,A0206,A02060900,0,0,0,0,서울특별시,노원구
260,260,서울특별시교육청 양천도서관,0.5706334412097931,0.6096504032611847,0.7075348496437073,0.7926782071590424,260,서울특별시 양천구 목동서로 113,A02,A0206,A02060900,0,0,0,0,서울특별시,양천구
261,261,서울특별시교육청 어린이도서관,0.5423445701599121,0.7134972810745239,0.7069576382637024,0.6372030377388,261,서울특별시 종로구 사직로9길 7,A02,A0206,A02060900,0,0,0,0,서울특별시,종로구
262,262,서울특별시교육청 영등포평생학습관,0.6339876353740692,0.7470171749591827,0.6835957169532776,0.6288272440433502,262,서울특별시 영등포구 버드나루로15길 10,A02,A0206,A02060900,0,0,0,0,서울특별시,영등포구
263,263,서울특별시교육청 정독도서관,0.5809607923030853,0.6931507468223572,0.6758666336536407,0.603215503692627,263,서울특별시 종로구 북촌로5길 48,A02,A0206,A02060900,0,0,1,0,서울특별시,종로구
264,264,서학예술마을도서관,0.5377318859100342,0.6517756283283234,0.6146562397480011,0.5316304117441177,264,전북특별자치도 전주시 완산구 서학로 12-1 (서서학동),A02,A0206,A02060900,0,0,0,1,전북특별자치도,전주시
265,265,서호미술관,0.5414966613054275,0.6479296743869781,0.64152512550354,0.6203167617321015,265,경기도 남양주시 화도읍 북한강로 1344,A02,A0206,A02060500,1,0,1,1,경기도,남양주시
266,266,석봉도자기미술관,0.5418789863586426,0.6298204898834229,0.6488307297229767,0.6696933597326279,266,강원특별자치도 속초시 엑스포로 156,A02,A0206,A02060500,0,0,0,0,강원특별자치도,속초시
267,267,섬세이 테라리움,0.5431958079338074,0.7106169283390045,0.6695050537586212,0.6295546174049378,267,서울특별시 성동구 서울숲2길 44-1,A02,A0206,A02060300,0,0,1,0,서울특별시,성동구
268,268,성남큐브미술관,0.5592538088560104,0.6246403396129608,0.635341614484787,0.6200452864170074,268,경기도 성남시 분당구 성남대로 808,A02,A0206,A02060500,0,0,0,0,경기도,성남시
269,269,성동구립숲속도서관,0.5743720531463623,0.6787096261978149,0.668339729309082,0.5940062999725342,269,서울특별시 성동구 매봉길 49-29 (옥수동),A02,A0206,A02060900,0,0,0,0,서울특별시,성동구
270,270,성북선잠박물관,0.4804455697536468,0.5619329035282135,0.5739343643188477,0.56218181848526,270,서울특별시 성북구 성북로 96 (성북동),A02,A0206,A02060500,1,0,0,1,서울특별시,성북구
271,271,성산포 해녀물질공연장,0.5339300543069839,0.6107724398374558,0.6516938239336014,0.685086366534233,271,제주특별자치도 서귀포시 성산읍 일출로 284-34,A02,A0206,A02060600,0,0,1,0,제주특별자치도,서귀포시
272,272,성포예술공원,0.5332029759883881,0.7239330112934113,0.6795946359634399,0.6277564465999603,272,경기도 안산시 상록구 성포로 6,A02,A0206,A02060600,0,0,0,1,경기도,안산시
273,273,세계골프역사박물관,0.3783382654190063,0.4123644649982452,0.4401729941368103,0.4915594398975372,273,서울특별시 강남구 테헤란로 528,A02,A0206,A02060100,0,0,0,0,서울특별시,강남구
274,274,세계민속악기박물관,0.4938346296548843,0.5859385669231415,0.5688909351825714,0.5311742216348648,274,경기도 파주시 탄현면 헤이리마을길 63-26,A02,A0206,A02060100,0,0,0,0,경기도,파주시
275,275,세계장신구박물관,0.5379464030265808,0.6989744901657104,0.6868765950202942,0.6709296703338623,275,서울특별시 종로구 북촌로5나길 2,A02,A0206,A02060100,0,0,0,0,서울특별시,종로구
276,276,세계조가비박물관,0.5730197072029114,0.7064032018184662,0.6774372756481171,0.6030490338802338,276,제주특별자치도 서귀포시 태평로 284,A02,A0206,A02060100,0,0,0,1,제주특별자치도,서귀포시
277,277,세계춘화박물관,0.5146682858467102,0.6307297825813294,0.6089751839637756,0.5614983707666397,277,인천광역시 강화군 화도면 마니산로 657-6,A02,A0206,A02060100,0,0,0,1,인천광역시,강화군
278,278,세계화석광물박물관,0.505156683921814,0.6000292718410491,0.6000192046165467,0.544479763507843,278,전라남도 신안군 안좌면 대리길 18-20,A02,A0206,A02060100,0,0,0,0,전라남도,신안군
279,279,세미원 연꽃박물관,0.5757311940193176,0.6881795465946198,0.6775003135204315,0.6101487398147583,279,경기도 양평군 양서면 용담리,A02,A0206,A02060100,1,0,1,1,경기도,양평군
280,280,세종충무공이야기,0.5682585000991821,0.7110498070716857,0.6727318823337555,0.5871389269828796,280,서울특별시 종로구 세종대로 지하 175,A02,A0206,A02060300,0,0,0,0,서울특별시,종로구
281,281,세종호텔 세종갤러리,0.4978343716689518,0.5731354696410043,0.5976420981543404,0.692237160035542,281,서울특별시 중구 퇴계로 145,A02,A0206,A02060500,0,0,0,0,서울특별시,중구
282,282,세화미술관,0.5703287184238434,0.6911081790924072,0.6595748782157898,0.6057850956916809,282,서울특별시 종로구 새문안로 68,A02,A0206,A02060500,0,0,0,0,서울특별시,종로구
283,283,센티드뮤제,0.3349543571472168,0.4003035545349121,0.3911837935447693,0.4215895473957062,283,경기도 파주시 탄현면 법흥리,A02,A0206,A02060500,0,0,0,0,경기도,파주시
284,284,소다미술관,0.4967187702655792,0.6349345028400422,0.6120631098747253,0.5631121933460236,284,경기도 화성시 효행로707번길 30,A02,A0206,A02060500,1,0,0,1,경기도,화성시
285,285,소래역사관,0.4673453450202942,0.5575577139854431,0.5774374365806579,0.5901982337236404,285,인천광역시 남동구 아암대로 1605,A02,A0206,A02060300,1,0,1,0,인천광역시,남동구
286,286,소심한 책방,0.5286216586828232,0.6470277905464172,0.6522470831871032,0.6208050400018692,286,제주특별자치도 제주시 구좌읍 종달동길 29-6,A02,A0206,A02061000,0,0,0,0,제주특별자치도,제주시
287,287,소전미술관(진도군),0.3987947553396225,0.4357524931430817,0.4414352595806122,0.4296802312135696,287,전라남도 진도군 진도읍 철마길 29,A02,A0206,A02060500,1,0,0,1,전라남도,진도군
288,288,소피아갤러리,0.6228464365005493,0.7146604597568512,0.6964229643344879,0.642251855134964,288,세종특별자치시 금남면 도남2길 50-5,A02,A0206,A02060500,1,0,1,1,세종특별자치시,금남면
289,289,속초시립박물관·속초실향민문화촌,0.5433405309915542,0.6667447924613953,0.6598494827747345,0.5783696174621582,289,강원특별자치도 속초시 신흥2길 16,A02,A0206,A02060100,0,0,1,1,강원특별자치도,속초시
290,290,솔가람 아트홀,0.6347065269947052,0.691281259059906,0.7708889245986938,0.8335170149803162,290,경기도 파주시 가람로116번길 170,A02,A0206,A02060600,0,0,0,0,경기도,파주시
291,291,솔송주문화관,0.5787765622138977,0.6832798600196839,0.6752393364906311,0.6280881822109222,291,경상남도 함양군 개평길 50-6,A02,A0206,A02060100,0,0,0,0,경상남도,함양군
292,292,송도 초콜릿문화박물관,0.5086528956890106,0.6453673362731933,0.6141865372657775,0.5654388010501862,292,인천광역시 연수구 능허대로 227-10,A02,A0206,A02060100,0,0,0,0,인천광역시,연수구
293,293,송파브이아트홀,0.5738849133253098,0.6705735504627228,0.6630602598190307,0.657786300778389,293,서울특별시 송파구 오금로 513 (거여동),A02,A0206,A02060600,0,0,1,0,서울특별시,송파구
294,294,송파하남어린이천문대,0.4120801389217376,0.4937462657690048,0.4994903951883316,0.5869127735495567,294,경기도 하남시 창우동,A02,A0206,A02060300,0,0,0,0,경기도,하남시
295,295,수도국산달동네박물관,0.5776540160179138,0.684509789943695,0.6930961966514587,0.6613497316837311,295,인천광역시 동구 솔빛로 51,A02,A0206,A02060100,0,0,0,0,인천광역시,동구
296,296,수몰역사관,0.2782899439334869,0.4131240844726562,0.3921247720718384,0.4875889122486114,296,충청북도 제천시 청풍면 청풍호로 2048,A02,A0206,A02060300,0,0,0,0,충청북도,제천시
297,297,수성구립 용학도서관,0.4728847146034241,0.5834713578224182,0.5851052403450012,0.5279406905174255,297,대구광역시 수성구 지범로41길 36,A02,A0206,A02060900,0,0,0,0,대구광역시,수성구
298,298,수애뇨339,0.474895903468132,0.5932670354843139,0.5814803421497345,0.5689843446016312,298,서울특별시 종로구 평창길 339,A02,A0206,A02060300,0,0,0,0,서울특별시,종로구
299,299,수양개선사유물전시관,0.5016764879226685,0.6251014769077301,0.6089371681213379,0.5763274759054184,299,충청북도 단양군 수양개유적로 390 수양개선사유물전시관,A02,A0206,A02060300,0,0,0,1,충청북도,단양군
300,300,수연목서,0.5837278723716736,0.7272217094898223,0.6935075938701629,0.643978750705719,300,경기도 여주시 주어로 58,A02,A0206,A02061000,0,0,1,1,경기도,여주시
301,301,순천시립 뿌리깊은나무 박물관,0.5354443311691284,0.6129517197608948,0.6096082091331482,0.5501161336898803,301,전라남도 순천시 낙안면 평촌3길 45,A02,A0206,A02060100,0,0,0,1,전라남도,순천시
302,302,숲속작은책방,0.5496304512023926,0.6453347742557526,0.6745275259017944,0.6180443167686462,302,충청북도 괴산군 칠성면 명태재로미루길 90,A02,A0206,A02061000,0,0,0,0,충청북도,괴산군
303,303,스토리 미니어처 뮤지엄,0.4978128403425216,0.6136624693870545,0.6069313287734985,0.5792879313230515,303,경기도 파주시 탄현면 헤이리마을길 93-75,A02,A0206,A02060100,0,0,0,0,경기도,파주시
304,304,스페인책방,0.5792457014322281,0.6537874788045883,0.6661815464496612,0.6310125827789307,304,서울특별시 중구 퇴계로36길 29 (필동2가),A02,A0206,A02061000,0,0,0,1,서울특별시,중구
305,305,시흥에코센터초록배곧,0.5970334500074387,0.7004716038703919,0.7203644692897797,0.6817661464214325,305,경기도 시흥시 경기과기대로 284,A02,A0206,A02060300,0,0,0,0,경기도,시흥시
306,306,시흥오이도박물관,0.5383103907108306,0.6202596485614776,0.6409785985946655,0.6198718845844269,306,경기도 시흥시 오이도로 332,A02,A0206,A02060100,0,0,0,0,경기도,시흥시
307,307,신라역사과학관,0.4890251994132996,0.580166882276535,0.5781845033168793,0.5348554968833923,307,경상북도 경주시 하동공예촌길 33,A02,A0206,A02060300,0,0,0,0,경상북도,경주시
308,308,심플책방,0.4988372981548309,0.6334908366203308,0.6079800665378571,0.5532454729080201,308,대구광역시 동구 동부로34길 4,A02,A0206,A02061000,0,0,0,0,대구광역시,동구
309,309,씨네 인디 유,0.5634581834077835,0.6614948511123657,0.6621306955814361,0.6286769956350327,309,대전광역시 중구 계백로 1712 (문화동),A02,A0206,A02061200,0,0,0,1,대전광역시,중구
310,310,아라리오 갤러리(서울),0.4822466522455215,0.5769610822200775,0.611677622795105,0.6522134453058243,310,서울특별시 종로구 북촌로5길 84,A02,A0206,A02060500,0,0,0,0,서울특별시,종로구
311,311,아라리오뮤지엄 동문모텔2,0.57528737783432,0.6915421068668366,0.6775115251541137,0.6353501319885254,311,제주특별자치도 제주시 산지로 23,A02,A0206,A02060500,0,0,0,0,제주특별자치도,제주시
312,312,아라리오뮤지엄 인 스페이스,0.4835243731737136,0.57651207447052,0.5764098405838013,0.571572682261467,312,서울특별시 종로구 율곡로 83,A02,A0206,A02060500,0,0,0,1,서울특별시,종로구
313,313,아라리오뮤지엄 탑동시네마,0.563143453001976,0.682590103149414,0.683213609457016,0.6584190785884857,313,제주특별자치도 제주시 탑동로 14,A02,A0206,A02060500,1,0,0,1,제주특별자치도,제주시
314,314,아라리인형의집,0.0,0.0,0.0,0.0,314,강원특별자치도 정선군 북평면 명주내길 43-1,A02,A0206,A02060100,0,0,0,0,강원특별자치도,정선군
315,315,아름다운 차박물관,0.5922382235527038,0.7241089582443238,0.6865236937999726,0.6452411353588104,315,서울특별시 종로구 인사동길 19-11,A02,A0206,A02060100,0,0,1,0,서울특별시,종로구
316,316,아산코미디홀,0.5935086190700531,0.7068795382976532,0.7052840471267701,0.6666037321090699,316,충청남도 아산시 도고면 아산만로 171,A02,A0206,A02060600,0,0,0,0,충청남도,아산시
317,317,아스카 게임박물관,0.5882509529590607,0.7066721618175507,0.6704194128513337,0.6478619754314423,317,경기도 파주시 탄현면 법흥리,A02,A0206,A02060100,1,0,0,1,경기도,파주시
318,318,아이뮤지엄 여수점,0.5461784124374389,0.6942272424697876,0.6523427724838257,0.6180685579776763,318,전라남도 여수시 박람회길 1 (덕충동),A02,A0206,A02060300,0,0,0,1,전라남도,여수시
319,319,아트센터 화이트블럭,0.6105368852615356,0.7121245443820954,0.6960147559642792,0.6435621440410614,319,경기도 파주시 탄현면 헤이리마을길 72,A02,A0206,A02060500,1,0,0,0,경기도,파주시
320,320,아트센터고마,0.6123591065406799,0.6384522318840027,0.7370211482048035,0.8674169182777405,320,충청남도 공주시 고마나루길 90,A02,A0206,A02060500,0,0,0,0,충청남도,공주시
321,321,아트센터나비,0.4600532427430153,0.4747497141361236,0.5033967941999435,0.5428280532360077,321,서울특별시 종로구 종로 26 (서린동),A02,A0206,A02060500,0,0,0,0,서울특별시,종로구
322,322,아해박물관,0.5696932077407837,0.7313756942749023,0.6750282049179077,0.5814537405967712,322,경기도 과천시 추사로 133,A02,A0206,A02060100,0,0,0,0,경기도,과천시
323,323,안동소주·전통음식 박물관,0.5622384548187256,0.693730628490448,0.6719934046268463,0.6073565602302551,323,경상북도 안동시 강남로 71-1,A02,A0206,A02060100,0,0,0,0,경상북도,안동시
324,324,안동예절학교,0.2827215492725372,0.3422369956970215,0.3133817315101623,0.3960307240486145,324,경상북도 안동시 와룡면 퇴계로 1333-5,A02,A0206,A02061400,0,0,0,0,경상북도,안동시
325,325,안산 어촌민속박물관,0.2721418142318725,0.3234541714191437,0.3557620942592621,0.3718023300170898,325,경기도 안산시 단원구 대부황금로 7,A02,A0206,A02060100,0,0,0,0,경기도,안산시
326,326,안정리 예술인광장,0.5241653323173523,0.6689910888671875,0.6065278649330139,0.6344859600067139,326,경기도 평택시 팽성읍 안정쇼핑로 11,A02,A0206,A02060300,0,0,0,0,경기도,평택시
327,327,알부스갤러리,0.5968059867620468,0.7111348867416382,0.6886360108852386,0.6051892161369323,327,서울특별시 용산구 한남대로28길 26,A02,A0206,A02060500,1,0,0,1,서울특별시,용산구
328,328,알토이미술관,0.5721753239631653,0.6800492346286774,0.6650939345359802,0.6073365986347199,328,경기도 용인시 기흥구 동백3로11번길 9,A02,A0206,A02060500,0,0,0,0,경기도,용인시
329,329,암사어린이극장,0.4651933044195175,0.5343497365713119,0.5488219380378723,0.5373238980770111,329,서울특별시 강동구 올림픽로 930,A02,A0206,A02060600,0,0,0,0,서울특별시,강동구
330,330,앤블가옥,0.4876554757356643,0.5680355727672577,0.5743504166603088,0.6490117162466049,330,충청남도 천안시 동남구 원거리13길 1 (원성동),A02,A0206,A02061000,0,0,0,0,충청남도,천안시
331,331,양구근현대사박물관,0.5107488483190536,0.6087791800498963,0.6114607572555542,0.6453250885009766,331,강원특별자치도 양구군 양구읍 금강산로 439-51,A02,A0206,A02060100,0,0,0,1,강원특별자치도,양구군
332,332,양구백자박물관,0.5535923033952713,0.6780934572219849,0.6709462940692902,0.622435462474823,332,강원특별자치도 양구군 방산면 평화로 5182,A02,A0206,A02060100,0,0,0,0,강원특별자치도,양구군
333,333,양주별산대놀이마당,0.3792491679390271,0.4697393377621968,0.4800181190172831,0.5387513836224874,333,경기도 양주시 부흥로1399번길 47,A02,A0206,A02060600,0,0,0,0,경기도,양주시
334,334,양주소놀이굿공연장,0.5085728168487549,0.7324164509773254,0.6573559641838074,0.6035184860229492,334,경기도 양주시 백석읍 중앙로93번길 70-21,A02,A0206,A02060600,0,1,0,0,경기도,양주시
335,335,양지암조각공원,0.4873633623123169,0.5500857114791871,0.5459904670715332,0.518982183933258,335,경상남도 거제시 능포로 194,A02,A0206,A02060300,1,0,1,1,경상남도,거제시
336,336,양천구 역사홍보관,0.3600984960794449,0.4423341850439707,0.4198286235332489,0.4964879900217056,336,서울특별시 양천구 목동동로 81,A02,A0206,A02060300,0,0,0,0,서울특별시,양천구
337,337,양평 아프리카 문화예술박물관,0.5622001409530639,0.70428506731987,0.6609929740428925,0.5914848744869232,337,경기도 양평군 용문면 금곡리,A02,A0206,A02060100,0,0,1,0,경기도,양평군
338,338,어둠속의대화 북촌점,0.5360823601484299,0.6739294588565826,0.6515828609466553,0.6185348510742188,338,서울특별시 종로구 가회동,A02,A0206,A02060300,0,0,0,0,서울특별시,종로구
339,339,어린이미술관자란다,0.5943466365337372,0.7116309762001037,0.7185719788074494,0.6899678170681,339,경기도 파주시 탄현면 새오리로427번길 38-6,A02,A0206,A02060500,1,0,0,1,경기도,파주시
340,340,어진박물관,0.601623073220253,0.6456501245498657,0.6758705973625183,0.6652171343564988,340,전북특별자치도 전주시 완산구 태조로 44,A02,A0206,A02060100,0,0,0,0,전북특별자치도,전주시
341,341,얼음골축음기소리박물관(밀양),0.3927556787218366,0.4775843279702322,0.4977450370788574,0.5293835231236049,341,경상남도 밀양시 산내면 산내로 926-1,A02,A0206,A02060100,0,0,0,0,경상남도,밀양시
342,342,엄미술관,0.5899045467376709,0.7225396037101746,0.6939873496691386,0.5909489591916403,342,경기도 화성시 봉담읍 수기리,A02,A0206,A02060500,1,0,0,1,경기도,화성시
343,343,에스파스 루이비통 서울,0.5350297391414642,0.685962688922882,0.6419782638549805,0.5906597763299942,343,서울특별시 강남구 압구정로 454 (청담동),A02,A0206,A02060500,0,0,0,0,서울특별시,강남구
344,344,에이씨티 그라운드 화성ICT 생활문화센터,0.5475484788417816,0.6487102508544922,0.6314985394477844,0.5560590565204621,344,경기도 화성시 팔탄면 율암리,A02,A0206,A02060300,0,0,0,0,경기도,화성시
345,345,에티오피아한국전참전기념관,0.5025099590420723,0.5557739213109016,0.5828130170702934,0.6524498127400875,345,강원특별자치도 춘천시 이디오피아길 1,A02,A0206,A02060200,0,0,0,0,강원특별자치도,춘천시
346,346,여미갤러리,0.550557741522789,0.6794183135032654,0.6503453552722931,0.613985875248909,346,충청남도 서산시 운산면 운정로 112,A02,A0206,A02060500,0,0,0,0,충청남도,서산시
347,347,여수 녹테마레,0.548506885766983,0.7111898005008698,0.6681555688381196,0.6174294650554657,347,전라남도 여수시  만성로 (294),A02,A0206,A02060500,0,0,0,1,전라남도,여수시
348,348,여수 테디베어뮤지엄,0.5643504321575165,0.7144046545028686,0.660630863904953,0.6076709717512131,348,전라남도 여수시 안심산길 155,A02,A0206,A02060100,0,0,0,1,전라남도,여수시
349,349,여수자동차극장,0.4613039702177047,0.539588850736618,0.5548710882663727,0.5721640706062316,349,전라남도 여수시 소호12길 67,A02,A0206,A02061200,0,0,0,1,전라남도,여수시
350,350,여주시립 폰박물관,0.6043472230434418,0.6745874911546708,0.6521707057952881,0.5636340141296386,350,경기도 여주시 강변유원지길 105,A02,A0206,A02060100,0,0,1,0,경기도,여주시
351,351,연기향토박물관,0.4988463781774044,0.5936481654644012,0.6142692305147648,0.6510327942669392,351,세종특별자치시 연서면 양대길 34-4,A02,A0206,A02060100,0,0,0,0,세종특별자치시,연서면
352,352,연우소극장,0.4610786229372025,0.5805004894733429,0.5714477986097336,0.5731235295534134,352,서울특별시 종로구 창경궁로35길 21,A02,A0206,A02060600,0,0,0,0,서울특별시,종로구
353,353,열화당책박물관,0.6003028512001037,0.7262699723243713,0.7005756616592407,0.6371776282787323,353,경기도 파주시 광인사길 25,A02,A0206,A02060100,0,0,0,0,경기도,파주시
354,354,영덕어촌민속전시관,0.4256325274705886,0.4805031716823578,0.4980932056903839,0.4602306485176086,354,경상북도 영덕군 강구면 해상공원길 96-8,A02,A0206,A02060300,0,0,0,1,경상북도,영덕군
355,355,영덕조각공원,0.43344912926356,0.4791772762934367,0.4983439445495605,0.4625456730524699,355,경상북도 영덕군 영덕읍 창포리,A02,A0206,A02060300,0,0,0,1,경상북도,영덕군
356,356,영도 조내기 고구마 역사기념관,0.4981695532798767,0.5725113987922669,0.5633611261844635,0.5429598093032837,356,부산광역시 영도구 벚꽃길 75,A02,A0206,A02060200,0,0,0,1,부산광역시,영도구
357,357,영도해녀문화전시관,0.5019185394048691,0.6799529671669007,0.6370551526546478,0.5990671813488007,357,부산광역시 영도구 중리남로 2-36 (동삼동),A02,A0206,A02060300,1,0,1,0,부산광역시,영도구
358,358,영암도기박물관,0.5917271822690964,0.6367842853069305,0.6360931694507599,0.6957912594079971,358,전라남도 영암군 군서면 서호정길 5,A02,A0206,A02060100,0,0,0,0,전라남도,영암군
359,359,영양고추홍보전시관,0.4843143597245216,0.5575301721692085,0.5726298093795776,0.6014777161180973,359,경상북도 영양군 입암면 영양로 883-6,A02,A0206,A02060300,0,0,0,1,경상북도,영양군
360,360,영월곤충박물관,0.5051478862762451,0.6487569451332093,0.6161635637283325,0.5553803324699402,360,강원특별자치도 영월군 영월읍 동강로 716,A02,A0206,A02060100,0,0,1,0,강원특별자치도,영월군
361,361,영월미디어기자박물관,0.6123591065406799,0.6384522318840027,0.7370211482048035,0.8674169182777405,361,강원특별자치도 영월군 한반도면 서강로 1094,A02,A0206,A02060100,0,0,0,0,강원특별자치도,영월군
362,362,영월아프리카미술박물관,0.5072942972183228,0.6386497914791107,0.6046013057231903,0.5508502006530762,362,강원특별자치도 영월군 김삿갓면 영월동로 1107-1,A02,A0206,A02060100,0,0,0,1,강원특별자치도,영월군
363,363,영월종교미술박물관,0.5485983490943909,0.7205970287322998,0.6700738668441772,0.6011427640914917,363,강원특별자치도 영월군 북면 시루산길 122-2,A02,A0206,A02060100,0,0,0,0,강원특별자치도,영월군
364,364,영은미술관,0.5749449014663697,0.7277548313140869,0.6886841118335724,0.6519535481929779,364,경기도 광주시 청석로 300,A02,A0206,A02060500,1,0,0,1,경기도,광주시
365,365,영종대교휴게소 기념관,0.4055433422327041,0.510939747095108,0.5315357714891433,0.5993755370378494,365,인천광역시 서구 정서진남로 25,A02,A0206,A02060200,1,0,1,0,인천광역시,서구
366,366,영종역사관,0.4834086924791336,0.5774667918682098,0.5725523412227631,0.5284108728170395,366,인천광역시 중구 구읍로 63,A02,A0206,A02060100,0,0,1,1,인천광역시,중구
367,367,영주댐물문화관,0.4208529889583587,0.4862621426582336,0.5655443072319031,0.6814005970954895,367,경상북도 영주시 평은면 문평로 860,A02,A0206,A02060300,0,0,0,0,경상북도,영주시
368,368,영집 궁시박물관,0.5765579104423523,0.7064070701599121,0.6720047533512116,0.6052095711231231,368,경기도 파주시 탄현면 국원말길 168,A02,A0206,A02060100,0,0,0,0,경기도,파주시
369,369,예당호 조각공원,0.3382251381874084,0.4203000426292419,0.4240237474441528,0.3929640054702759,369,충청남도 예산군 응봉면 예당관광로 123,A02,A0206,A02060300,0,0,0,0,충청남도,예산군
370,370,예스24스테이지,0.4407818913459778,0.5262118458747864,0.5433309257030488,0.580718868970871,370,서울특별시 종로구 대학로12길 21 (동숭동),A02,A0206,A02060600,0,0,0,0,서울특별시,종로구
371,371,오거리 소극장,0.5701476732889811,0.7193459471066793,0.6492019295692444,0.5723395148913065,371,전북특별자치도 완주군 소양면 송광수만로 95,A02,A0206,A02060600,0,0,1,0,전북특별자치도,완주군
372,372,오동숲속도서관,0.55537520136152,0.7027846489633832,0.6984079309872219,0.6143991265978131,372,서울특별시 성북구 화랑로13가길 110-10 (하월곡동),A02,A0206,A02060900,1,0,0,0,서울특별시,성북구
373,373,옥천교육도서관,0.5788686871528625,0.7345780730247498,0.7199105620384216,0.6539226174354553,373,충청북도 옥천군 관성로3길 7 옥천교육도서관,A02,A0206,A02060900,0,0,0,0,충청북도,옥천군
374,374,완도군해양생태전시관,0.3692831605672836,0.4522468149662018,0.4311593025922775,0.4480843752622604,374,전라남도 완도군 완도읍 장좌리,A02,A0206,A02060300,1,0,1,0,전라남도,완도군
375,375,완판본문화관,0.4774970829486847,0.5955851882696152,0.5988060444593429,0.6004526406526566,375,전북특별자치도 전주시 완산구 전주천동로 24 (교동),A02,A0206,A02060300,0,0,0,0,전북특별자치도,전주시
376,376,왈종미술관,0.5730321824550628,0.7000485002994538,0.6891235947608948,0.6140491425991058,376,제주특별자치도 서귀포시 칠십리로214번길 30,A02,A0206,A02060500,1,0,1,1,제주특별자치도,서귀포시
377,377,용담댐 조각공원,0.4194504270950953,0.5341854790846506,0.5381791293621063,0.5152505586544672,377,전북특별자치도 진안군 안천면 안용로 747,A02,A0206,A02060300,1,0,1,1,전북특별자치도,진안군
378,378,용인 포은아트홀,0.4941437065601349,0.5607874155044555,0.5790189385414124,0.6435741692781448,378,경기도 용인시 수지구 포은대로 499,A02,A0206,A02060600,0,0,0,0,경기도,용인시
379,379,용인농촌테마파크 농경문화전시관,0.3850351298848788,0.441128596663475,0.4691584333777427,0.576148788134257,379,경기도 용인시 처인구 원삼면 농촌파크로 80-1,A02,A0206,A02060300,0,0,0,0,경기도,용인시
380,380,용인어린이상상의숲,0.5596299916505814,0.6262801200151443,0.6504654675722122,0.6569877535104751,380,경기도 용인시 처인구 동백죽전대로 61,A02,A0206,A02060900,0,0,0,0,경기도,용인시
381,381,용평공룡해양랜드,0.5980934739112854,0.7140480101108551,0.724000084400177,0.7120345890522003,381,강원특별자치도 평창군 대관령면 올림픽로 715,A02,A0206,A02060300,0,0,0,0,강원특별자치도,평창군
382,382,우공책방,0.4610725164413452,0.5400727450847626,0.5453464984893799,0.5393790662288666,382,인천광역시 강화군 내가면 연촌길 77-10,A02,A0206,A02061000,0,0,1,0,인천광역시,강화군
383,383,우도 밤수지맨드라미책방,0.5519851833581925,0.6684912800788879,0.6492332756519318,0.5979683756828308,383,제주특별자치도 제주시 우도면 우도해안길 530,A02,A0206,A02061000,1,0,0,1,제주특별자치도,제주시
384,384,우리옛돌박물관,0.4992816388607025,0.6244203925132752,0.617189359664917,0.5661397039890289,384,서울특별시 성북구 대사관로13길 66,A02,A0206,A02060100,1,0,1,0,서울특별시,성북구
385,385,우석헌자연사박물관,0.5815295338630676,0.7239672064781189,0.7115471184253692,0.6491138696670532,385,경기도 남양주시 진접읍 금강로 1095,A02,A0206,A02060100,0,0,1,1,경기도,남양주시
386,386,우양미술관,0.5900031745433807,0.6905988693237305,0.6697774350643158,0.6028412461280823,386,경상북도 경주시 보문로 484-7,A02,A0206,A02060500,1,0,0,1,경상북도,경주시
387,387,우제길미술관,0.4360522404313087,0.4906086921691894,0.519025519490242,0.5508155226707458,387,광주광역시 동구 의재로 140-6,A02,A0206,A02060500,0,0,0,0,광주광역시,동구
388,388,우포잠자리나라,0.567436283826828,0.6696366369724274,0.6719947159290314,0.6397355020046234,388,경상남도 창녕군 창녕읍 군청길 1,A02,A0206,A02060300,0,0,1,0,경상남도,창녕군
389,389,울산대곡박물관,0.5303101867437363,0.6273633062839508,0.6348086059093475,0.6732278317213058,389,울산광역시 울주군 두동면 서하천전로 257,A02,A0206,A02060100,0,0,0,0,울산광역시,울주군
390,390,울주문화예술회관,0.4074873149394989,0.4765710413455963,0.4476084351539612,0.4799143671989441,390,울산광역시 울주군 범서읍 천상중앙길 36,A02,A0206,A02060600,0,0,0,1,울산광역시,울주군
391,391,울진 국립해양과학관,0.6052117824554444,0.6763175129890442,0.728834044933319,0.765773618221283,391,경상북도 울진군 죽변면 해양과학길 8,A02,A0206,A02060300,0,0,0,0,경상북도,울진군
392,392,워너두 칠드런스 뮤지엄,0.6157352209091187,0.7172061920166015,0.7111859858036041,0.6741328060626983,392,경기도 시흥시 은계호수로 49 시흥 센트럴돔 그랑트리 캐슬,A02,A0206,A02060100,0,0,0,0,경기도,시흥시
393,393,원불교역사박물관,0.1282402873039245,0.1808545589447021,0.169008657336235,0.2134036421775818,393,전북특별자치도 익산시 익산대로 501,A02,A0206,A02060100,0,0,0,0,전북특별자치도,익산시
394,394,원주시립미리내도서관,0.57081538438797,0.7265183925628662,0.6859327256679535,0.6278690695762634,394,강원특별자치도 원주시 양지로 46,A02,A0206,A02060900,0,0,0,0,강원특별자치도,원주시
395,395,월정사 성보박물관(평창),0.492706748843193,0.5643408030271531,0.5938027322292327,0.6033962786197662,395,강원특별자치도 평창군 진부면 오대산로 176,A02,A0206,A02060100,0,0,0,0,강원특별자치도,평창군
396,396,웨일즈 판타지움,0.6096597115198771,0.6847323179244995,0.6902285814285278,0.6902456680933634,396,울산광역시 남구 장생포고래로 271-1 (매암동),A02,A0206,A02060300,0,0,0,1,울산광역시,남구
397,397,유관순기념관(서울),0.3548295795917511,0.4960375428199768,0.4964138269424438,0.5489949434995651,397,서울특별시 중구 통일로4길 30-1,A02,A0206,A02060200,0,0,0,0,서울특별시,중구
398,398,유금와당박물관,0.5459607243537903,0.7091321349143982,0.6773479580879211,0.5842514634132385,398,서울특별시 종로구 창의문로11가길 4,A02,A0206,A02060100,0,0,0,0,서울특별시,종로구
399,399,유민미술관,0.5648297041654586,0.7025246679782867,0.6726361989974976,0.5968811094760895,399,제주특별자치도 서귀포시 성산읍 고성리 21,A02,A0206,A02060500,0,0,0,1,제주특별자치도,서귀포시
400,400,유알컬처파크,0.4754172161221504,0.5601790636777878,0.5465528994798661,0.5672679513692855,400,강원특별자치도 원주시 지정면 지정로 912,A02,A0206,A02060300,0,0,1,1,강원특별자치도,원주시
401,401,유엔군 초전기념관,0.4891897290945053,0.5771537065505982,0.6060833990573883,0.6794403314590454,401,경기도 오산시 경기대로 742,A02,A0206,A02060200,0,0,0,0,경기도,오산시
402,402,유휴열미술관,0.5840516060590744,0.6887659072875977,0.704299807548523,0.6968707978725434,402,전북특별자치도 완주군 구이면 신뱅이길 55,A02,A0206,A02060500,1,0,0,1,전북특별자치도,완주군
403,403,윤형빈소극장 홍대점,0.5437640309333801,0.6563619315624237,0.6333017945289612,0.6109833121299744,403,서울특별시 마포구 와우산로21길 29 (서교동),A02,A0206,A02060600,0,0,0,0,서울특별시,마포구
404,404,은산어울림생태박물관,0.5738765120506286,0.7150778770446777,0.6751482009887695,0.5984881103038788,404,경기도 오산시 서동로19번길 19,A02,A0206,A02060100,0,0,0,0,경기도,오산시
405,405,을지예술센터,0.5953118920326232,0.6831730902194977,0.6618897080421448,0.6084187686443329,405,서울특별시 중구 창경궁로5다길 18,A02,A0206,A02060500,0,0,0,0,서울특별시,중구
406,406,음성큰바위얼굴테마파크,0.5616308093070984,0.6418359160423279,0.648569768667221,0.6409857392311096,406,충청북도 음성군 생극면 일생로 500,A02,A0206,A02060300,0,0,0,0,충청북도,음성군
407,407,의령곤충생태학습관,0.5493456423282623,0.6996485471725464,0.6762629628181458,0.6307698786258698,407,경상남도 의령군 의령읍 의합대로 28,A02,A0206,A02060300,0,0,0,0,경상남도,의령군
408,408,의성 최치원문학관,0.5952151864767075,0.680324810743332,0.6807475864887238,0.6477367430925369,408,경상북도 의성군 단촌면 고운사길 241,A02,A0206,A02060200,0,0,1,1,경상북도,의성군
409,409,이경순 소리박물관,0.4947028160095215,0.6897896528244019,0.6532354950904846,0.645237922668457,409,경기도 안성시 삼죽면 동아예대길 47,A02,A0206,A02060100,0,0,0,1,경기도,안성시
410,410,이목화랑,0.5883341282606125,0.6331948240598043,0.6813326974709829,0.7108828177054723,410,서울특별시 종로구 북촌로 94,A02,A0206,A02060500,1,0,0,1,서울특별시,종로구
411,411,이재효갤러리,0.5904268324375153,0.6841410994529724,0.6600743651390075,0.5808495461940766,411,경기도 양평군 지평면 초천길 83-22,A02,A0206,A02060500,0,0,1,0,경기도,양평군
412,412,이천시립월전미술관,0.5185949385166169,0.599609088897705,0.6099634200334549,0.5998608827590942,412,경기도 이천시 경충대로2709번길 185,A02,A0206,A02060500,1,0,0,0,경기도,이천시
413,413,이화여고100주년기념관,0.4954241663217544,0.678209763765335,0.6243121087551117,0.6092381209135056,413,서울특별시 중구 정동길 26,A02,A0206,A02060200,0,0,1,0,서울특별시,중구
414,414,이화웰컴센터,0.3959186441368527,0.4742911722924974,0.4704601367314656,0.5494086080127292,414,서울특별시 서대문구 이화여대길 52,A02,A0206,A02060300,0,0,0,0,서울특별시,서대문구
415,415,인사미술공간,0.5697844475507736,0.6958088397979736,0.6758258581161499,0.6187268972396851,415,서울특별시 종로구 창덕궁길 89,A02,A0206,A02060500,0,0,0,1,서울특별시,종로구
416,416,인사센트럴뮤지엄,0.5509981364011765,0.6565299530824026,0.6430364946524302,0.6207408507664999,416,서울특별시 종로구 인사동길 49 (관훈동),A02,A0206,A02060100,0,0,0,0,서울특별시,종로구
417,417,인천광역시교육청북구도서관,0.4432170689105987,0.7168036103248596,0.6857483386993408,0.5971323251724243,417,인천광역시 부평구 신트리로 21,A02,A0206,A02060900,0,0,0,0,인천광역시,부평구
418,418,인천상륙작전기념관,0.5229267716407776,0.5717890501022339,0.6193178474903107,0.7091199308633804,418,인천광역시 연수구 청량로 138 인천상륙작전기념관,A02,A0206,A02060200,0,0,0,0,인천광역시,연수구
419,419,인천수봉문화회관,0.5921012610197067,0.6400461941957474,0.6684960871934891,0.7336689531803131,419,인천광역시 미추홀구 수봉안길 78,A02,A0206,A02060600,0,0,0,0,인천광역시,미추홀구
420,420,인천시민애집,0.6278744538625082,0.685308575630188,0.7366222937901815,0.8020695249239603,420,인천광역시 중구 신포로39번길 74,A02,A0206,A02060300,0,0,0,0,인천광역시,중구
421,421,일민미술관,0.5175911486148834,0.6539731562137604,0.6307632267475128,0.5998917788267135,421,서울특별시 종로구 세종대로 152,A02,A0206,A02060500,0,0,0,0,서울특별시,종로구
422,422,일제강점기 군산역사관,0.4984969645738601,0.5827543199062347,0.5750868320465088,0.5202638685703278,422,전북특별자치도 군산시 동국사길 21,A02,A0206,A02060300,0,0,0,0,전북특별자치도,군산시
423,423,잇츠콜라박물관,0.5524236649274826,0.7162051856517792,0.6885993242263794,0.6307223200798034,423,경기도 파주시 탄현면 헤이리마을길 76-40,A02,A0206,A02060100,1,0,0,1,경기도,파주시
424,424,자유로자동차극장,0.5290822893381119,0.7018966495990753,0.6690780729055404,0.6309269428253174,424,경기도 파주시 탄현면 엘지로 697,A02,A0206,A02061200,0,0,1,1,경기도,파주시
425,425,잔아문학박물관,0.3862198889255523,0.5146420300006866,0.5041938275098801,0.5531655997037888,425,경기도 양평군 서종면 사랑제길 9-9,A02,A0206,A02060100,0,0,0,0,경기도,양평군
426,426,잠월미술관,0.2782899439334869,0.4131240844726562,0.3921247720718384,0.4875889122486114,426,전라남도 함평군 해보면 산내길 60,A02,A0206,A02060500,0,0,0,0,전라남도,함평군
427,427,장보고기념관,0.5854565352201462,0.6814059168100357,0.6819846630096436,0.6838480681180954,427,전라남도 완도군 청해진로 1455 장보고 기념관,A02,A0206,A02060200,0,0,0,0,전라남도,완도군
428,428,장사상륙작전 전승기념관,0.5674659371376037,0.6053419351577759,0.6167465269565582,0.6248173475265503,428,경상북도 영덕군 남정면 동해대로 3560,A02,A0206,A02060200,0,0,0,1,경상북도,영덕군
429,429,장자호수생태체험관,0.5231454372406006,0.6815844178199768,0.7273598909378052,0.6548448801040649,429,경기도 구리시 장자호수길 76-42,A02,A0206,A02060300,0,0,0,0,경기도,구리시
430,430,장항도시탐험역,0.4137947142124176,0.5018191426992417,0.4995224118232727,0.5304124742746353,430,충청남도 서천군 장항읍 장항로161번길 27,A02,A0206,A02060300,0,0,0,0,충청남도,서천군
431,431,장흥조각공원(양주시립장욱진미술관),0.5619828701019287,0.6719088971614837,0.6635225713253021,0.6222882181406021,431,경기도 양주시 장흥면 권율로 193,A02,A0206,A02060300,0,0,0,0,경기도,양주시
432,432,재미난 박물관,0.5422764033079147,0.7015435457229614,0.6694837629795074,0.6114917576313019,432,인천광역시 중구 신포로23번길 83 (중앙동1가),A02,A0206,A02060100,0,0,0,0,인천광역시,중구
433,433,전곡선사박물관,0.5394809484481812,0.6920861065387726,0.6738706529140472,0.6132017433643341,433,경기도 연천군 전곡읍 평화로443번길 2,A02,A0206,A02060100,0,0,0,0,경기도,연천군
434,434,전북특별자치도립국악원,0.2782899439334869,0.4131240844726562,0.3921247720718384,0.4875889122486114,434,전북특별자치도 전주시 덕진구 권삼득로 400,A02,A0206,A02061100,0,0,0,0,전북특별자치도,전주시
435,435,전이수갤러리/걸어가는늑대들,0.5726143658161164,0.6998025476932526,0.6713376760482788,0.6045322239398956,435,제주특별자치도 제주시 조천읍 조함해안로 556,A02,A0206,A02060500,1,0,0,1,제주특별자치도,제주시
436,436,전쟁과여성인권박물관,0.5234971761703491,0.5609168469905853,0.5625586211681366,0.5471401065587997,436,서울특별시 마포구 월드컵북로11길 20,A02,A0206,A02060100,0,0,0,0,서울특별시,마포구
437,437,전주 전통술박물관,0.5678652107715607,0.6562041342258453,0.656970989704132,0.6561691194772721,437,전북특별자치도 전주시 완산구 한지길 74,A02,A0206,A02060100,0,0,0,0,전북특별자치도,전주시
438,438,전주부채문화관,0.6083542823791503,0.6858330011367798,0.7037854552268982,0.6739802598953247,438,전북특별자치도 전주시 완산구 경기전길 93,A02,A0206,A02060300,1,0,0,1,전북특별자치도,전주시
439,439,점보빌리지,0.5655121803283691,0.7139613449573516,0.6775179207324982,0.6246747314929962,439,제주특별자치도 서귀포시 안덕면 평화로319번길 31-11,A02,A0206,A02060600,0,0,0,0,제주특별자치도,서귀포시
440,440,정남진물과학관,0.6118479013442993,0.7145919084548951,0.7192891716957093,0.6831067204475403,440,전라남도 장흥군 장흥읍 행원강변길 20,A02,A0206,A02060300,0,0,1,0,전라남도,장흥군
441,441,정동1928아트센터,0.5810374468564987,0.6908692955970764,0.687314796447754,0.6575554013252258,441,서울특별시 중구 덕수궁길 130,A02,A0206,A02060500,0,0,0,0,서울특별시,중구
442,442,정동진시간박물관,0.5726670861244202,0.6811787784099579,0.6541288495063782,0.5786474764347076,442,강원특별자치도 강릉시 강동면 헌화로 990-1,A02,A0206,A02060100,0,0,0,1,강원특별자치도,강릉시
443,443,정선향토박물관,0.4503842860460281,0.507783180475235,0.5035556495189667,0.5106793820858002,443,강원특별자치도 정선군 화암동굴길 12-1,A02,A0206,A02060100,0,0,0,0,강원특별자치도,정선군
444,444,제주 생태문화전시관 더플래닛,0.5778764843940735,0.721382474899292,0.6984058320522308,0.6360419154167175,444,제주특별자치도 서귀포시 천제연로 70,A02,A0206,A02060300,0,0,0,1,제주특별자치도,서귀포시
445,445,제주 초콜릿랜드,0.5233654469251633,0.6923075199127198,0.6556610882282257,0.5856804013252258,445,제주특별자치도 서귀포시 중문관광로110번길 15,A02,A0206,A02060100,0,0,0,0,제주특별자치도,서귀포시
446,446,제주공룡동물농장,0.5539295613765717,0.7114338338375091,0.6712454378604888,0.5879125535488129,446,제주특별자치도 서귀포시 성산읍 난산로 293,A02,A0206,A02060100,0,0,0,0,제주특별자치도,서귀포시
447,447,제주도민속자연사박물관,0.6236140251159668,0.7166764080524445,0.7020466685295105,0.6415838897228241,447,제주특별자치도 제주시 삼성로 40,A02,A0206,A02060100,0,0,0,1,제주특별자치도,제주시
448,448,제주세계성문화박물관,0.5256219267845154,0.6476983785629272,0.6546158134937287,0.6349568605422974,448,제주특별자치도 서귀포시 월드컵로 33,A02,A0206,A02060100,0,0,1,0,제주특별자치도,서귀포시
449,449,제주아리랑 혼,0.5815592706203461,0.7097736895084381,0.6863329470157623,0.6409916937351227,449,제주특별자치도 서귀포시 표선면 번영로 2564-21,A02,A0206,A02060600,0,0,1,1,제주특별자치도,서귀포시
450,450,제주커피박물관 Baum (제주커피박물관 바움),0.5444855511188507,0.7016897678375245,0.6445885956287384,0.5732205927371978,450,제주특별자치도 서귀포시 성산읍 서성일로1168번길 89-17,A02,A0206,A02060100,0,0,1,1,제주특별자치도,서귀포시
451,451,제주통일관,0.4165583997964859,0.4830319732427597,0.495291069149971,0.5500753223896027,451,제주특별자치도 제주시 신산로9길 4,A02,A0206,A02060300,0,0,0,0,제주특별자치도,제주시
452,452,제주해양동물박물관,0.5601258873939514,0.7131200671195984,0.6760474920272828,0.6056795656681061,452,제주특별자치도 서귀포시 성산읍 서성일로 689-21,A02,A0206,A02060100,0,0,1,1,제주특별자치도,서귀포시
453,453,조각미술관 바우지움,0.5440255254507065,0.6893212080001831,0.6740814924240113,0.6167416036128998,453,강원특별자치도 고성군 토성면 원암온천3길 37,A02,A0206,A02060500,1,1,1,0,강원특별자치도,고성군
454,454,조병화문학관,0.7682364583015442,0.7056987881660461,0.7959805727005005,0.7744356989860535,454,경기도 안성시 양성면 난실길 14-1,A02,A0206,A02060200,0,0,0,0,경기도,안성시
455,455,조선민화박물관,0.5463095843791962,0.6586196959018707,0.6558710008859634,0.6374077320098877,455,강원특별자치도 영월군 김삿갓면 김삿갓로 432-10,A02,A0206,A02060100,0,0,0,0,강원특별자치도,영월군
456,456,조수정 한지그림 갤러리,0.5297267198562622,0.6471658766269683,0.6503918886184692,0.6419339805841446,456,서울특별시 강남구 테헤란로92길 14,A02,A0206,A02060500,0,0,1,0,서울특별시,강남구
457,457,조안베어뮤지엄,0.5548641383647919,0.7167489767074585,0.6795304298400879,0.6053237378597259,457,제주특별자치도 서귀포시 대포로 113,A02,A0206,A02060100,0,0,0,0,제주특별자치도,서귀포시
458,458,조은숙아트앤라이프스타일,0.5304343849420547,0.6503817021846772,0.6415364265441894,0.6341608941555024,458,서울특별시 강남구 압구정로80길 37 (청담동),A02,A0206,A02060500,0,0,0,0,서울특별시,강남구
459,459,조현화랑,0.5362051278352737,0.5997686237096786,0.6329430490732193,0.668199822306633,459,부산광역시 해운대구 달맞이길65번길 171,A02,A0206,A02060500,0,0,0,0,부산광역시,해운대구
460,460,종이나라박물관,0.5555356562137603,0.6910823941230774,0.661128693819046,0.5985079109668732,460,서울특별시 중구 장충단로 166,A02,A0206,A02060100,0,0,0,0,서울특별시,중구
461,461,주남아트갤러리,0.5886875450611114,0.7172843396663666,0.6896294414997101,0.651253879070282,461,경상남도 창원시 의창구 동읍 주남로71번길 43-1,A02,A0206,A02060500,0,1,0,1,경상남도,창원시
462,462,주남저수지 생태학습관,0.5941109657287598,0.6388234496116638,0.6167318820953369,0.5422115325927734,462,경상남도 창원시 의창구 동읍 주남로101번길 32,A02,A0206,A02060300,0,0,0,0,경상남도,창원시
463,463,주니어천문스쿨 수지점,0.609952449798584,0.727813184261322,0.7090679407119751,0.6293929815292358,463,경기도 용인시 수지구 성복2로301번길 7 (성복동),A02,A0206,A02060300,0,0,0,0,경기도,용인시
464,464,주문진해양박물관,0.5165578454732895,0.6184249758720398,0.6251729369163513,0.5821360528469086,464,강원특별자치도 강릉시 주문진읍 해안로 1748,A02,A0206,A02060100,0,0,0,1,강원특별자치도,강릉시
465,465,주철장 전수교육관,0.3489764034748077,0.4888021349906921,0.4930704236030578,0.5437883883714676,465,충청북도 진천군 진천읍 장관리,A02,A0206,A02061100,0,0,0,0,충청북도,진천군
466,466,중구생활사전시관,0.5461485028266907,0.6048333466053009,0.6086709499359131,0.5723465979099274,466,인천광역시 중구 신포로23번길 101,A02,A0206,A02060300,0,0,0,0,인천광역시,중구
467,467,지당자연사박물관,0.4814815786149766,0.5967384311887953,0.5941917830043368,0.5427254305945503,467,충청남도 공주시 탄천면 장마루로 1241-90,A02,A0206,A02060100,0,0,1,0,충청남도,공주시
468,468,지리산 빨치산토벌 전시관,0.454812541604042,0.5393192768096924,0.5268970429897308,0.5774513334035873,468,경상남도 산청군 시천면 지리산대로 536,A02,A0206,A02060200,0,0,0,0,경상남도,산청군
469,469,지리산생태과학관,0.5561457246541976,0.6483500242233277,0.636769688129425,0.6089203029870986,469,경상남도 하동군 악양면 섬진강대로 3358-30,A02,A0206,A02060300,0,0,1,0,경상남도,하동군
470,470,지리산역사문화관,0.4981837332248687,0.5597448766231536,0.5803168654441834,0.5929058134555817,470,전라남도 구례군 화엄사로 377-36,A02,A0206,A02060100,1,0,1,0,전라남도,구례군
471,471,지앤아트스페이스,0.581275588274002,0.7229944288730621,0.7086951196193695,0.6776487946510314,471,경기도 용인시 기흥구 백남준로 7,A02,A0206,A02060500,0,0,1,1,경기도,용인시
472,472,진도해양생태관,0.5103633612394333,0.5847955763339996,0.6055848479270936,0.6138824582099914,472,전라남도 진도군 고군면 신비의바닷길 64,A02,A0206,A02060300,0,0,0,0,전라남도,진도군
473,473,진주시립 이성자미술관,0.4567933797836304,0.5921975940465927,0.5841246366500854,0.5622772067785263,473,경상남도 진주시 에나로128번길 14,A02,A0206,A02060500,0,0,0,0,경상남도,진주시
474,474,진주어린이박물관,0.4816748731666141,0.5655066536532508,0.5760349565082126,0.6032024390167661,474,경상남도 진주시 망경로224번길 40,A02,A0206,A02060100,0,0,0,0,경상남도,진주시
475,475,진주익룡발자국전시관,0.5748508930206299,0.7166824400424957,0.6842753052711487,0.628944581747055,475,경상남도 진주시 영천강로68번길 22,A02,A0206,A02060300,0,0,0,0,경상남도,진주시
476,476,진천 종박물관,0.428568422794342,0.4950776040554047,0.5008762359619141,0.4524617910385132,476,충청북도 진천군 진천읍 백곡로 1504-12,A02,A0206,A02060100,0,0,0,0,충청북도,진천군
477,477,진해야외공연장,0.4648004720608393,0.5781146188577017,0.5819047689437866,0.6195708016554514,477,경상남도 창원시 진해구 천자로 103 (덕산동),A02,A0206,A02060600,0,0,0,1,경상남도,창원시
478,478,짚풀생활사박물관,0.5335288345813751,0.6802944739659628,0.6787043213844299,0.6116300821304321,478,서울특별시 종로구 성균관로4길 45,A02,A0206,A02060100,0,0,0,0,서울특별시,종로구
479,479,참소리축음기&에디슨과학박물관,0.5547606170177459,0.7058736145496368,0.657386589050293,0.5834152400493622,479,강원특별자치도 강릉시 경포로 393,A02,A0206,A02060100,0,0,0,1,강원특별자치도,강릉시
480,480,창원시립마산문신미술관,0.5805787563323974,0.6522067904472351,0.6579334974288941,0.5979433745145798,480,경상남도 창원시 마산합포구 문신길 147,A02,A0206,A02060500,0,0,0,0,경상남도,창원시
481,481,창희보석예술관,0.4546744376420975,0.5462456196546555,0.5660628080368042,0.6380852684378624,481,서울특별시 강남구 압구정로 210,A02,A0206,A02060300,0,0,0,0,서울특별시,강남구
482,482,채만식 문학관,0.4736935453755515,0.5570773737771171,0.5590219582830157,0.5715670500482831,482,전북특별자치도 군산시 강변로 449,A02,A0206,A02060200,0,0,0,0,전북특별자치도,군산시
483,483,책과인쇄박물관,0.5625050246715546,0.6892109513282776,0.6737361311912536,0.6099781394004822,483,강원특별자치도 춘천시 신동면 풍류1길 156,A02,A0206,A02060100,1,0,0,1,강원특별자치도,춘천시
484,484,책자국,0.5828119218349457,0.6864888608455658,0.6769167661666871,0.6306125938892364,484,제주특별자치도 제주시 구좌읍 종달로1길 117,A02,A0206,A02061000,0,1,0,1,제주특별자치도,제주시
485,485,천안시청 봉서홀,0.5108909100294113,0.5931955337524414,0.6203239381313324,0.6744637966156006,485,충청남도 천안시 서북구 번영로 156 (불당동),A02,A0206,A02060600,0,0,1,0,충청남도,천안시
486,486,철암탄광역사촌,0.5232179462909698,0.6177713751792908,0.6065997362136841,0.5440112173557281,486,강원특별자치도 태백시 동태백로 404,A02,A0206,A02060300,0,0,0,0,강원특별자치도,태백시
487,487,첫마중길 여행자도서관,0.5215189556280772,0.6086187958717346,0.606257955233256,0.5708487331867218,487,전북특별자치도 전주시 덕진구 백제대로 823 (우아동3가),A02,A0206,A02060900,0,0,0,1,전북특별자치도,전주시
488,488,청암민속박물관,0.4898155003786087,0.6134067237377167,0.5923071682453156,0.5602316826581955,488,경기도 양주시 장흥면 권율로 83-5,A02,A0206,A02060100,0,0,0,0,경기도,양주시
489,489,청주시립대청호미술관,0.5723434031009674,0.7212237000465394,0.6983309209346771,0.607405287027359,489,충청북도 청주시 상당구 문의면 대청호반로 721,A02,A0206,A02060500,0,0,0,1,충청북도,청주시
490,490,추사박물관(과천),0.5330738723278046,0.6844542920589447,0.6332583725452423,0.529287189245224,490,경기도 과천시 추사로 78,A02,A0206,A02060100,0,0,0,0,경기도,과천시
491,491,추억극장미림,0.4199236094951629,0.5325858294963837,0.5397983223199845,0.5466167688369751,491,인천광역시 동구 화도진로 31,A02,A0206,A02060300,0,0,0,1,인천광역시,동구
492,492,추억의 달동네,0.5551780521869659,0.689546924829483,0.6673198342323303,0.6027170181274414,492,경상북도 경주시 보불로 216-8,A02,A0206,A02060300,0,0,0,1,경상북도,경주시
493,493,추억의 청춘뮤지엄,0.5651008993387222,0.7071228563785553,0.6991803288459778,0.6362220644950867,493,경기도 양평군 용문면 용문산로 620,A02,A0206,A02060500,0,0,0,1,경기도,양평군
494,494,춘원당한의약박물관,0.4860615084568659,0.549364298582077,0.5995864073435465,0.660044327378273,494,서울특별시 종로구 돈화문로9길 27,A02,A0206,A02060100,0,0,0,0,서울특별시,종로구
495,495,춘천막국수체험박물관,0.5609994262456894,0.674160611629486,0.6556322395801544,0.6218971848487854,495,강원특별자치도 춘천시 신북읍 신북로 264,A02,A0206,A02060100,0,0,0,1,강원특별자치도,춘천시
496,496,춘천시립도서관(장난감도서관),0.6774684190750122,0.7149669528007507,0.7273933291435242,0.6750059127807617,496,강원특별자치도 춘천시 우석로 100,A02,A0206,A02060900,0,0,0,0,강원특별자치도,춘천시
497,497,춘천인형극장&인형극박물관,0.5252048008971744,0.6473773519198099,0.6346990664800009,0.6482151183817122,497,강원특별자치도 춘천시 영서로 3017,A02,A0206,A02060600,0,0,1,0,강원특별자치도,춘천시
498,498,출판도시 활판인쇄박물관,0.5621762573719025,0.6958212316036224,0.6754381358623505,0.6020055741071701,498,경기도 파주시 회동길 145,A02,A0206,A02060100,0,0,0,0,경기도,파주시
499,499,충우곤충박물관,0.5108434647321701,0.6453185379505157,0.6480460226535797,0.6365193158388138,499,서울특별시 강서구 강서로 139,A02,A0206,A02060100,0,0,0,0,서울특별시,강서구
500,500,충주세계무술박물관,0.5202174246311188,0.6753517746925354,0.6498953104019165,0.6358884990215301,500,충청북도 충주시 남한강로 24,A02,A0206,A02060100,0,0,0,0,충청북도,충주시
501,501,칠곡호국평화기념관,0.5557638764381408,0.6821465492248535,0.6930873334407807,0.6639343976974488,501,경상북도 칠곡군 석적읍 강변대로 1580,A02,A0206,A02060200,0,0,0,0,경상북도,칠곡군
502,502,캔아트 체험교실,0.2782899439334869,0.4131240844726562,0.3921247720718384,0.4875889122486114,502,충청남도 아산시 신리길 55,A02,A0206,A02060500,0,0,0,0,충청남도,아산시
503,503,컬러풀뮤지엄(COLORPOOL MUSEUM),0.5595809996128083,0.706300413608551,0.6769791960716247,0.6303796827793121,503,서울특별시 종로구 인사동길 49 안녕인사동 6F,A02,A0206,A02060300,0,0,0,1,서울특별시,종로구
504,504,코로나19 기억의공간,0.4475403279066086,0.4903446137905121,0.5252014398574829,0.6317238211631775,504,대구광역시 중구 달구벌대로 2029 (동산동),A02,A0206,A02060300,0,0,0,0,대구광역시,중구
505,505,코엑스 오디토리움,0.3623732075095177,0.4446167051792145,0.4493395656347275,0.5270730912685394,505,서울특별시 강남구 봉은사로 524 (삼성동),A02,A0206,A02060600,0,0,0,0,서울특별시,강남구
506,506,코엑스아티움,0.566343890769141,0.63977769442967,0.6559554593903678,0.7137230123792376,506,서울특별시 강남구 영동대로 513,A02,A0206,A02060600,0,0,0,0,서울특별시,강남구
507,507,콩치노콩크리트,0.5780656963586808,0.7076010465621948,0.6746950268745422,0.6207108438014984,507,경기도 파주시 새오리로161번길 17,A02,A0206,A02060600,0,0,0,1,경기도,파주시
508,508,큐빅광장,0.6123591065406799,0.6384522318840027,0.7370211482048035,0.8674169182777405,508,울산광역시 중구 학성로 65,A02,A0206,A02060600,0,0,0,0,울산광역시,중구
509,509,타임앤블레이드 박물관,0.607445228099823,0.7290624856948853,0.7157275676727295,0.6734041929244995,509,경기도 파주시 탄현면 헤이리마을길 41,A02,A0206,A02060100,0,0,0,0,경기도,파주시
510,510,태백 고생대 자연사박물관,0.5709757149219513,0.6741130769252777,0.6731060981750489,0.606546288728714,510,강원특별자치도 태백시 태백로 2249 태백고생대자연사박물관,A02,A0206,A02060100,0,0,1,1,강원특별자치도,태백시
511,511,태백석탄박물관,0.565749716758728,0.6847243428230285,0.6665043532848358,0.5835361003875732,511,강원특별자치도 태백시 천제단길 195,A02,A0206,A02060100,0,0,0,0,강원특별자치도,태백시
512,512,태화강생태관,0.5823475837707519,0.7087776303291321,0.7162920832633972,0.6605040729045868,512,울산광역시 울주군 구영로 31 태화강생태관,A02,A0206,A02060300,0,0,0,0,울산광역시,울주군
513,513,테디베어뮤지엄 제주,0.5689105808734893,0.7258523285388947,0.6733799874782562,0.6171178996562958,513,제주특별자치도 서귀포시 중문관광로110번길 31,A02,A0206,A02060100,1,0,1,1,제주특별자치도,서귀포시
514,514,테디베어팜,0.5782801389694214,0.7049228429794312,0.6811617016792297,0.6213793396949768,514,강원특별자치도 속초시 울산바위길 3,A02,A0206,A02060300,0,0,1,1,강원특별자치도,속초시
515,515,테라크랩팜,0.5690184772014618,0.6998263418674469,0.681463074684143,0.611201673746109,515,강원특별자치도 속초시 학사평2길 16,A02,A0206,A02060300,0,0,0,0,강원특별자치도,속초시
516,516,테미오래,0.5869581758975982,0.7179615437984467,0.6819208920001983,0.6224420309066773,516,대전광역시 중구 보문로205번길 13,A02,A0206,A02060300,0,0,0,1,대전광역시,중구
517,517,통영수산과학관,0.5456769645214081,0.6896837830543519,0.6689082860946656,0.6177010238170624,517,경상남도 통영시 산양읍 척포길 628-111,A02,A0206,A02060300,1,0,1,0,경상남도,통영시
518,518,통영시립박물관,0.4920561134815216,0.5816721439361572,0.5747333586215972,0.5438255280256271,518,경상남도 통영시 중앙로 65,A02,A0206,A02060100,0,0,0,1,경상남도,통영시
519,519,틴틴홀,0.4430476307868957,0.5146677851676941,0.4997198283672333,0.5030606806278228,519,서울특별시 종로구 대학로10길 24 (동숭동),A02,A0206,A02060600,0,0,0,0,서울특별시,종로구
520,520,파주 나비나라박물관,0.5724572956562042,0.7055306434631348,0.6907809317111969,0.6471699833869934,520,경기도 파주시 광인사길 161,A02,A0206,A02060100,0,0,1,0,경기도,파주시
521,521,파주공룡박물관,0.5552849888801574,0.7229402124881744,0.6950789451599121,0.6426609575748443,521,경기도 파주시 탄현면 헤이리마을길 93-83,A02,A0206,A02060100,0,0,0,0,경기도,파주시
522,522,파주라기파크,0.4114908397197723,0.5043926656246185,0.4946891129016876,0.5534781515598297,522,경기도 파주시 회동길 390,A02,A0206,A02060300,0,0,0,0,경기도,파주시
523,523,판교박물관,0.5571174919605255,0.6186372637748718,0.6519761681556702,0.6780863106250763,523,경기도 성남시 분당구 판교로 191,A02,A0206,A02060100,0,0,0,0,경기도,성남시
524,524,팝콘D스퀘어,0.433144336938858,0.536928117275238,0.5282441020011902,0.5740207970142365,524,서울특별시 용산구 한강대로23길 55 (한강로3가),A02,A0206,A02060300,0,0,0,0,서울특별시,용산구
525,525,평창돌문화체험관,0.5009891629219055,0.6008432626724243,0.5851074099540711,0.5865787953138352,525,강원특별자치도 평창군 평창읍 바위공원길 111,A02,A0206,A02060300,0,0,1,0,강원특별자치도,평창군
526,526,포로수용소유적박물관,0.5784579038619995,0.6945502877235412,0.6918453752994538,0.6348818480968476,526,경상남도 거제시 계룡로 61,A02,A0206,A02060100,0,0,0,1,경상남도,거제시
527,527,표충사호국박물관,0.522567692399025,0.6092459619045257,0.6116745948791504,0.5585527062416077,527,경상남도 밀양시 단장면 표충로 1338,A02,A0206,A02060100,1,0,1,1,경상남도,밀양시
528,528,풀짚공예박물관,0.5994783043861389,0.6729305684566498,0.671376496553421,0.6484693189462026,528,경기도 광주시 오포읍 문형산길 76,A02,A0206,A02060100,0,0,0,0,경기도,광주시
529,529,프라움악기박물관,0.6112952768802643,0.7064348042011261,0.696591317653656,0.6621332049369812,529,경기도 남양주시 와부읍 경강로 756,A02,A0206,A02060100,0,0,0,1,경기도,남양주시
530,530,플랫폼엘컨템포러리아트센터,0.4960314691066741,0.5986112833023072,0.6263243556022644,0.6171316772699356,530,서울특별시 강남구 언주로133길 11,A02,A0206,A02060500,0,0,0,0,서울특별시,강남구
531,531,피규어뮤지엄W,0.558804789185524,0.7190247118473053,0.687239533662796,0.6456188023090362,531,서울특별시 강남구 선릉로158길 3,A02,A0206,A02060100,0,0,0,0,서울특별시,강남구
532,532,하남역사박물관,0.4921855496035682,0.5524863600730896,0.5909855531321632,0.6808150443765852,532,경기도 하남시 덕풍동로 30,A02,A0206,A02060100,0,0,0,0,경기도,하남시
533,533,하의도 야외 조각미술관,0.2782899439334869,0.4131240844726562,0.3921247720718384,0.4875889122486114,533,전라남도 신안군 하의면 웅곡리,A02,A0206,A02060500,0,0,0,0,전라남도,신안군
534,534,하이커 그라운드,0.2827215492725372,0.3422369956970215,0.3133817315101623,0.3960307240486145,534,서울특별시 중구 청계천로 40 한국관광공사 서울센터,A02,A0206,A02060400,0,0,0,0,서울특별시,중구
535,535,학산숲속시집도서관,0.6609005928039551,0.6963574290275574,0.7155576050281525,0.6493645906448364,535,전북특별자치도 전주시 완산구 평화5길 36-58 (평화동2가),A02,A0206,A02060900,1,0,0,1,전북특별자치도,전주시
536,536,한과문화박물관 한가원,0.5766891002655029,0.6584750831127166,0.6993515312671661,0.7151307344436646,536,경기도 포천시 영북면 산정호수로322번길 26-9,A02,A0206,A02060100,0,0,0,0,경기도,포천시
537,537,한국가사문학관,0.5771437019109726,0.5981778860092163,0.6121094286441803,0.5991460710763932,537,전라남도 담양군 가사문학면 가사문학로 877,A02,A0206,A02060300,1,0,0,0,전라남도,담양군
538,538,한국교원대학교 교육박물관,0.3536191880702972,0.4449223790849958,0.4466695019177028,0.5080835734094892,538,충청북도 청주시 흥덕구 강내면 태성탑연로 250,A02,A0206,A02060100,0,0,0,0,충청북도,청주시
539,539,한국궁중꽃박물관,0.6068682253360749,0.7184406697750092,0.6943314135074615,0.6139199674129486,539,경상남도 양산시 매곡외산로 232,A02,A0206,A02060100,0,0,1,0,경상남도,양산시
540,540,한국근현대사박물관,0.5644009530544281,0.7027419805526733,0.6775979697704315,0.6125497877597809,540,경기도 파주시 탄현면 헤이리마을길 59-85,A02,A0206,A02060100,0,0,0,1,경기도,파주시
541,541,한국다완박물관,0.4922432899475097,0.5869043111801148,0.593462336063385,0.6269955039024353,541,경상북도 문경시 문경읍 온천5길 2-1,A02,A0206,A02060100,0,0,0,0,경상북도,문경시
542,542,한국대중음악박물관 (경주),0.5969963669776917,0.7151955306529999,0.6638601660728455,0.5996182322502136,542,경상북도 경주시 엑스포로 9,A02,A0206,A02060100,0,0,0,1,경상북도,경주시
543,543,한국도량형박물관,0.5949917197227478,0.7150387227535248,0.6848128318786622,0.6141182482242584,543,충청남도 당진시 산곡길 219-4,A02,A0206,A02060100,0,0,0,0,충청남도,당진시
544,544,한국민속촌 옹기생활관,0.393295057117939,0.4622931182384491,0.490487664937973,0.4985222890973091,544,경기도 용인시 기흥구 민속촌로 90,A02,A0206,A02060300,0,0,0,0,경기도,용인시
545,545,한국민화뮤지엄,0.5435171753168107,0.6833008050918579,0.654268741607666,0.5682756543159485,545,전라남도 강진군 대구면 청자촌길 61-5,A02,A0206,A02060100,0,0,0,0,전라남도,강진군
546,546,한국색동박물관,0.5499801784753799,0.6118838489055634,0.6145986877381802,0.5659901611506939,546,서울특별시 종로구 권농동,A02,A0206,A02060100,0,0,0,0,서울특별시,종로구
547,547,한국자연사박물관,0.4159037798643112,0.536851316690445,0.5238907039165497,0.5107955664396286,547,충청남도 공주시 반포면 임금봉길 49-25,A02,A0206,A02060100,0,0,0,0,충청남도,공주시
548,548,한국잠사박물관(청주),0.5489663422107697,0.7067254841327667,0.687182891368866,0.6362936079502106,548,충청북도 청주시 흥덕구 강내면 청주역로 213-52,A02,A0206,A02060100,0,0,1,0,충청북도,청주시
549,549,한국조리박물관,0.445545345544815,0.5630237519741058,0.5362795114517211,0.4735383450984954,549,경기도 안성시 일죽면 주래본죽로 158-60,A02,A0206,A02060100,0,0,0,0,경기도,안성시
550,550,한국종합무역센터(코엑스),0.5604995638132095,0.7065433859825134,0.6776124536991119,0.6263164222240448,550,서울특별시 강남구 영동대로 513,A02,A0206,A02060400,0,0,0,0,서울특별시,강남구
551,551,한국천연염색박물관,0.5994332313537598,0.6941962897777557,0.7104802191257477,0.6613658010959625,551,전라남도 나주시 다시면 백호로 379,A02,A0206,A02060100,0,0,1,0,전라남도,나주시
552,552,한국초콜릿연구소 뮤지엄 곡성지점,0.5369412630796433,0.6769701182842255,0.6484135091304779,0.6461599677801132,552,전라남도 곡성군 오곡면 기차마을로 232,A02,A0206,A02060100,0,0,0,0,전라남도,곡성군
553,553,한상수자수박물관,0.5703791081905365,0.6905885934829712,0.6877121031284332,0.5826707184314728,553,서울특별시 성북구 성북로16길 4-10 (성북동),A02,A0206,A02060100,0,0,1,0,서울특별시,성북구
554,554,한생연 실험누리과학관,0.4080077335238457,0.5009406208992004,0.4720580577850342,0.4974945858120918,554,서울특별시 강남구 도곡로 408 (대치동),A02,A0206,A02060300,0,0,0,0,서울특별시,강남구
555,555,한옥글방,0.5945801138877869,0.7367824912071228,0.6887360215187073,0.5869410634040833,555,전라남도 순천시 금곡길 28 (행동),A02,A0206,A02060900,0,0,0,0,전라남도,순천시
556,556,한울에너지팜,0.4260240465402603,0.4957205474376678,0.5067665874958038,0.5794439047574997,556,경상북도 울진군 울진북로 2040,A02,A0206,A02060300,0,0,0,0,경상북도,울진군
557,557,한해랑 아트홀,0.5671212852001191,0.6739760220050812,0.6759853422641754,0.6849493563175202,557,전북특별자치도 전주시 완산구 홍산중앙로 13 (효자동2가),A02,A0206,A02060500,0,0,0,1,전북특별자치도,전주시
558,558,한향림옹기박물관,0.481768798828125,0.5641878724098206,0.5855974316596985,0.6099888145923614,558,경기도 파주시 탄현면 헤이리마을길 96-43,A02,A0206,A02060100,0,0,0,0,경기도,파주시
559,559,한화기념관,0.4453245252370834,0.5257881581783295,0.5645729601383209,0.677502915263176,559,인천광역시 남동구 논현고잔로168번길 45 한화기념관,A02,A0206,A02060200,0,0,0,0,인천광역시,남동구
560,560,한희원미술관,0.4957064092159271,0.6362193822860718,0.6290372908115387,0.5585020184516907,560,광주광역시 남구 양촌길 27-6,A02,A0206,A02060500,0,0,0,0,광주광역시,남구
561,561,함평군립미술관,0.4358602434396744,0.494965586066246,0.5023724377155304,0.5569527834653855,561,전라남도 함평군 함평읍 곤재로 27,A02,A0206,A02060500,0,0,0,0,전라남도,함평군
562,562,함평자동차극장,0.5432595014572144,0.6016815834575229,0.6440702610545688,0.6898319820562998,562,전라남도 함평군 함평읍 함장로 1160,A02,A0206,A02061200,0,0,0,0,전라남도,함평군
563,563,해강도자미술관,0.6123591065406799,0.6384522318840027,0.7370211482048035,0.8674169182777405,563,경기도 이천시 신둔면 경충대로3150번길 44,A02,A0206,A02060500,0,0,0,0,경기도,이천시
564,564,해금강테마박물관,0.6217317581176758,0.6937965154647827,0.6742408394813537,0.6079310119152069,564,경상남도 거제시 남부면 해금강로 120,A02,A0206,A02060100,0,0,0,1,경상남도,거제시
565,565,해든뮤지움,0.5867106020450592,0.6767293691635132,0.664420622587204,0.5932783007621765,565,인천광역시 강화군 길상면 장흥로101번길 44,A02,A0206,A02060500,1,0,1,1,인천광역시,강화군
566,566,해양테마과학관 (당진),0.5951388835906982,0.7298045873641967,0.7204876065254211,0.6294627547264099,566,충청남도 당진시 신평면 삽교천3길 79,A02,A0206,A02060300,0,0,0,0,충청남도,당진시
567,567,해운대관광안내소,0.5926378965377808,0.7011340260505676,0.7063671946525574,0.6225094795227051,567,부산광역시 해운대구 해운대해변로 264 (우동),A02,A0206,A02060300,0,0,0,1,부산광역시,해운대구
568,568,해인사 성보박물관,0.5570079058408737,0.6724862217903137,0.6768475890159606,0.6382508456707001,568,경상남도 합천군 가야면 가야산로 1742-17,A02,A0206,A02060100,0,0,0,0,경상남도,합천군
569,569,행복북구문화재단 어울아트센터,0.4392687141895294,0.5267275929450989,0.543263840675354,0.5748164743185044,569,대구광역시 북구 구암로 47,A02,A0206,A02060600,0,0,1,1,대구광역시,북구
570,570,행복한 마음(김영사 북아울렛),0.517507603764534,0.60390984416008,0.5944407820701599,0.5545460879802704,570,경기도 파주시 문발로 197,A02,A0206,A02060300,1,0,1,1,경기도,파주시
571,571,향암미술관,0.6106476585070292,0.6850437124570211,0.6859041849772135,0.660244365533193,571,경상북도 울진군 온정면 백암온천로 1388,A02,A0206,A02060500,0,0,0,0,경상북도,울진군
572,572,헤이리시네마,0.5295672833919525,0.6170006930828095,0.6305297672748565,0.6223019272089004,572,경기도 파주시 탄현면 헤이리마을길 93-119 커피공장 103 카페 3층,A02,A0206,A02061200,0,0,0,1,경기도,파주시
573,573,헤이리예술마을뮤지엄카페 타임캡슐,0.6142988622188568,0.6624882876873016,0.6733560025691986,0.703321385383606,573,경기도 파주시 탄현면 헤이리마을길 59-63,A02,A0206,A02060100,0,0,0,1,경기도,파주시
574,574,헤이리트릭아트,0.4673626989126205,0.6003231763839721,0.6029654979705811,0.5729236364364624,574,경기도 파주시 탄현면 법흥리,A02,A0206,A02060500,1,0,0,1,경기도,파주시
575,575,헬로우뮤지움,0.5935609519481659,0.7179947018623352,0.693015056848526,0.6265461146831512,575,서울특별시 성동구 성수일로12길 20,A02,A0206,A02060500,1,0,0,0,서울특별시,성동구
576,576,현대어린이책미술관,0.582889711856842,0.6779337823390961,0.7165497779846192,0.698758190870285,576,경기도 성남시 분당구 판교역로146번길 20,A02,A0206,A02060500,0,0,0,0,경기도,성남시
577,577,현대카드 디자인 라이브러리,0.5199226637681326,0.6744300226370493,0.6589846213658651,0.594987541437149,577,서울특별시 종로구 북촌로 31-18 (가회동),A02,A0206,A02060100,0,0,0,0,서울특별시,종로구
578,578,현대카드 스토리지,0.4194147020578384,0.4971085727214813,0.5007008254528046,0.5306916922330857,578,서울특별시 용산구 이태원로 248,A02,A0206,A02060300,0,0,0,0,서울특별시,용산구
579,579,호안다구박물관,0.5544367730617523,0.6982159316539764,0.6652415692806244,0.5763320028781891,579,강원특별자치도 영월군 김삿갓면 내리계곡로 1088,A02,A0206,A02060100,0,0,0,0,강원특별자치도,영월군
580,580,호암예술관,0.6109193894598219,0.6924756566683451,0.7083903352419535,0.730806416935391,580,충청북도 충주시 중원대로 3306,A02,A0206,A02060600,0,0,0,0,충청북도,충주시
581,581,호야지리박물관,0.5070601478219032,0.6412355750799179,0.6145431101322174,0.5928237214684486,581,강원특별자치도 영월군 수주면 무릉법흥로 303,A02,A0206,A02060100,0,0,1,0,강원특별자치도,영월군
582,582,호천문화플랫폼,0.5496633563722882,0.6485803851059505,0.6497277787753514,0.6501648596354893,582,부산광역시 부산진구 범천동,A02,A0206,A02061100,0,0,1,0,부산광역시,부산진구
583,583,홍대난타극장,0.5648763537406921,0.6359500110149383,0.6529841303825379,0.6932872325181961,583,서울특별시 마포구 양화로16길 29,A02,A0206,A02060600,0,0,0,0,서울특별시,마포구
584,584,홍성조류탐사과학관,0.5531905859708786,0.6970281004905701,0.6807052314281463,0.6348852187395095,584,충청남도 홍성군 서부면 남당항로 934-14,A02,A0206,A02060300,1,0,1,0,충청남도,홍성군
585,585,홍주문화회관,0.459842050075531,0.4744202136993408,0.5236165165901184,0.5772161245346069,585,충청남도 홍성군 홍성읍 내포로 164,A02,A0206,A02060600,0,0,0,0,충청남도,홍성군
586,586,화도진전시관,0.4986831843852997,0.5009849667549133,0.5196073353290558,0.5795466601848602,586,인천광역시 동구 화도진로 114,A02,A0206,A02060300,0,0,0,0,인천광역시,동구
587,587,화진포역사안보전시관,0.5598695516586304,0.6642244577407836,0.6857625424861908,0.6416245460510254,587,강원특별자치도 고성군 현내면 이승만별장길 33,A02,A0206,A02060300,0,0,0,0,강원특별자치도,고성군
588,588,화진포해양박물관,0.4670293658971786,0.555155897140503,0.5879476010799408,0.6311447143554687,588,강원특별자치도 고성군 현내면 화진포길 412,A02,A0206,A02060100,1,0,1,0,강원특별자치도,고성군
589,589,황인용 뮤직 스페이스 <카메라타>,0.582881510257721,0.7069684386253356,0.6789476990699768,0.6317997753620148,589,경기도 파주시 탄현면 헤이리마을길 83,A02,A0206,A02060600,1,0,0,1,경기도,파주시
590,590,횡성한우체험관,0.411952086857387,0.5163078563553947,0.5051379544394357,0.5614902717726571,590,강원특별자치도 횡성군 문예로 41 횡성한우체험관,A02,A0206,A02060300,0,0,0,0,강원특별자치도,횡성군
591,591,흰물결갤러리,0.5600069330798255,0.6612415909767151,0.6661961674690247,0.6328253315554725,591,서울특별시 서초구 반포대로 150,A02,A0206,A02060500,0,0,0,0,서울특별시,서초구
